"","Gender","Age","Height in cm","Weight in kg","BMI","Body fat %","Muscle mass %","Fitness level at start","Diet","Visits per week","Money spend per week","Training","Average visit duration","Difficulty","Contract type in years","History in months","Fitness level after 3 months"
"1","male",23,169.2,84.8,29.6,20,42,5,"proteins",3,15.47,"classes",90,"expert",0.5,2,7
"2","male",18,168.5,92.2,32.5,22,50,3,"proteins",3,11.55,"cardio",60,"beginner",5,58,7
"3","female",41,165.1,60.3,22.1,26,37,5,"fats",1,5.42,"weights",60,"expert",0.5,5,5
"4","female",31,165.8,69.1,25.1,27,45,3,"carbs",3,19.64,"weights",90,"intermediate",5,32,7
"5","male",44,173.5,89,29.6,25,42,3,"carbs",3,13.76,"classes",90,"intermediate",5,29,5
"6","male",33,176.8,98.9,31.6,25,52,4,"fats",2,15.96,"classes",90,"intermediate",1,12,5
"7","male",20,169.2,70.2,24.5,13,52,5,"fats",4,18.46,"cardio",60,"expert",0.5,6,6
"8","male",17,175.4,93.9,30.5,20,37,5,"proteins",2,4.83,"classes",60,"expert",0.5,1,5
"9","female",29,163.7,67.6,25.2,27,34,5,"fats",3,0,"cardio",60,"beginner",0.5,4,7
"10","female",28,167.2,70,25,26,54,4,"proteins",4,0,"classes",90,"expert",0.5,3,8
"11","male",21,174.7,97.7,32,22,34,5,"fats",2,15.25,"cardio",60,"expert",5,35,7
"12","male",39,171.7,75.8,25.7,19,56,5,"fats",3,6.74,"cardio",60,"expert",1,11,8
"13","female",28,166.4,65.7,23.7,25,54,5,"fats",2,7.82,"classes",60,"expert",5,40,8
"14","female",25,163.1,54.6,20.5,20,40,3,"proteins",4,18.66,"cardio",60,"beginner",1,12,7
"15","male",23,169.7,87.1,30.2,21,51,4,"proteins",3,15.43,"cardio",60,"expert",1,9,7
"16","female",34,169.5,69.1,24.1,27,49,6,"proteins",2,13.57,"weights",60,"expert",5,21,7
"17","male",18,172.8,89.4,29.9,19,37,4,"proteins",5,0,"classes",90,"expert",5,27,7
"18","male",23,166.5,76.7,27.7,18,39,5,"proteins",5,22.68,"cardio",60,"expert",5,52,9
"19","female",38,162,60.6,23.1,26,41,4,"carbs",2,15.46,"cardio",60,"expert",0.5,2,7
"20","male",26,175.4,98.7,32.1,24,40,4,"proteins",3,12.82,"classes",90,"beginner",5,41,8
"21","male",27,170.9,84.9,29.1,20,56,3,"carbs",4,26.95,"classes",120,"beginner",5,17,7
"22","male",18,173.9,95,31.4,21,52,6,"proteins",3,15.72,"classes",90,"intermediate",5,44,6
"23","female",21,160.8,55.8,21.6,NA,48,7,"fats",2,0,"cardio",60,"expert",0.5,3,5
"24","female",46,165.3,68.6,25.1,31,42,6,"proteins",1,6.23,"classes",120,"expert",0.5,3,6
"25","male",24,171,92.2,31.5,23,46,5,"proteins",4,17.69,"classes",90,"expert",1,12,6
"26","female",26,165.4,61.7,22.6,23,33,5,"proteins",3,18.1,"weights",120,"expert",5,37,6
"27","female",28,165.2,58.8,21.5,22,41,5,"proteins",4,14.17,"weights",60,"expert",0.5,4,7
"28","male",31,176.5,108.1,34.7,28,60,6,"proteins",4,0,"classes",90,"beginner",5,40,7
"29","female",18,162.2,55.7,21.2,20,36,5,"fats",2,0,"cardio",60,"expert",5,34,6
"30","female",26,166.2,65,23.5,24,37,4,"proteins",3,13.92,"classes",60,"beginner",5,60,6
"31","male",52,180,101.6,31.4,29,37,2,"carbs",1,110,"weights",90,"expert",1,10,2
"32","female",28,166.7,66.5,23.9,25,42,5,"carbs",3,0,"cardio",60,"beginner",5,43,7
"33","male",37,168.8,84.2,29.6,23,46,5,"carbs",0,0,"weights",90,"expert",1,7,5
"34","male",25,165,85.6,31.4,23,42,5,"carbs",3,15.87,"classes",90,"intermediate",0.5,1,6
"35","female",18,164.4,74.7,27.6,27,29,2,"fats",3,14.57,"cardio",60,"beginner",5,59,7
"36","male",20,173.1,86,28.7,18,52,4,"carbs",2,9.83,"cardio",60,"intermediate",0.5,2,6
"37","female",29,166.3,61.2,22.1,23,38,4,"proteins",2,11.77,"weights",90,"expert",5,45,7
"38","female",48,158.4,58.1,23.2,29,33,6,"proteins",1,4.43,"classes",120,"expert",5,42,6
"39","male",45,169.9,84.8,29.4,25,49,4,"carbs",2,9.38,"weights",90,"expert",5,44,7
"40","male",19,171.7,84.3,28.6,18,50,4,"proteins",4,25.56,"weights",120,"expert",5,16,7
"41","male",25,169.4,83.2,29,20,47,7,"proteins",4,0,"cardio",60,"expert",1,7,9
"42","male",28,175.6,85.2,27.6,19,46,5,"fats",2,7.75,"cardio",60,"beginner",1,7,6
"43","female",22,166.3,67.5,24.4,24,37,4,"carbs",2,14.13,"classes",60,"expert",5,46,7
"44","male",29,175.2,92,30,22,46,4,"proteins",4,17.15,"classes",90,"beginner",0.5,3,8
"45","male",17,172.8,91.3,30.6,20,39,5,"carbs",4,15.01,"weights",120,"expert",5,22,7
"46","male",19,169.5,91.6,31.9,22,47,6,"fats",5,28.16,"classes",60,"beginner",0.5,4,8
"47","female",43,168.7,72.2,25.4,30,47,4,"proteins",2,16.89,"weights",90,"expert",5,27,6
"48","female",36,170.5,73.6,25.3,29,49,5,"proteins",3,13.17,"weights",120,"beginner",5,42,7
"49","male",28,166.9,76.3,27.4,19,54,6,"proteins",0,0,"weights",120,"expert",0.5,3,6
"50","male",27,167.1,77.2,27.6,19,50,6,"proteins",3,0,"cardio",60,"expert",5,40,6
"51","female",27,161.1,60,23.1,24,53,5,"fats",4,0,"classes",60,"intermediate",5,31,9
"52","female",22,159.8,59.1,23.1,23,32,1,"carbs",1,5.56,"classes",60,"beginner",0.5,1,1
"53","female",36,160.9,68.6,26.5,30,50,5,"proteins",4,16.78,"cardio",60,"beginner",5,60,7
"54","male",21,174,97.3,32.1,23,49,5,"fats",3,14.32,"classes",60,"expert",5,36,8
"55","male",40,172.8,100,33.5,29,54,6,"carbs",3,18.91,"classes",120,"expert",0.5,5,7
"56","male",30,169.2,80.8,28.2,20,60,4,"fats",5,22.48,"classes",60,"expert",1,8,7
"57","male",46,176.5,92,29.5,25,49,4,"proteins",2,11.9,"cardio",60,"intermediate",5,40,7
"58","female",27,162.8,59.8,22.6,23,42,4,"fats",3,6.32,"cardio",60,"expert",0.5,3,8
"59","female",31,162.4,59.9,22.7,24,43,4,"proteins",4,0,"classes",90,"expert",0.5,2,8
"60","female",24,165.8,64.4,23.4,24,51,6,"proteins",4,14.37,"cardio",60,"expert",0.5,1,9
"61","female",31,161.6,67.2,25.7,28,52,4,"carbs",1,5.66,"classes",90,"expert",5,23,4
"62","male",38,170.7,85.1,29.2,23,56,5,"carbs",4,19.67,"cardio",60,"expert",5,44,8
"63","male",29,171.1,91.2,31.2,23,60,4,"proteins",3,13.87,"classes",60,"expert",5,30,7
"64","male",16,171.2,86.8,29.6,18,45,3,"fats",2,13.31,"classes",120,"expert",1,8,5
"65","female",43,160.8,57.8,22.4,27,45,6,"carbs",3,0,"weights",120,"expert",0.5,1,7
"66","male",21,171.7,84.2,28.6,18,44,4,"proteins",2,0,"weights",90,"expert",5,38,6
"67","female",40,166,57.8,21,24,47,5,"carbs",1,13.37,"classes",90,"beginner",0.5,1,5
"68","male",22,172.5,79.9,26.9,17,44,4,"carbs",4,18.25,"cardio",60,"beginner",5,31,7
"69","male",31,170.4,82.4,28.4,20,57,6,"proteins",3,13.37,"cardio",60,"expert",0.5,6,7
"70","female",25,160.9,59.3,22.9,23,45,3,"carbs",3,12.03,"cardio",60,"beginner",0.5,3,6
"71","female",29,155.5,59.3,24.5,26,50,5,"carbs",2,0,"weights",120,"expert",0.5,2,6
"72","male",24,165.5,74.7,27.3,17,41,4,"carbs",1,0,"classes",120,"expert",1,11,4
"73","male",22,167.5,76.2,27.2,17,45,5,"proteins",3,0,"classes",90,"expert",1,10,7
"74","female",35,172.6,73.4,24.6,28,49,4,"carbs",4,0,"classes",60,"expert",1,9,7
"75","male",20,166.9,69.7,25,14,48,6,"fats",2,18.81,"cardio",60,"beginner",0.5,5,6
"76","female",28,165.6,65,23.7,25,40,4,"carbs",3,18.13,"classes",60,"expert",1,10,7
"77","female",28,162.4,56.6,21.5,22,57,4,"carbs",1,15.71,"cardio",60,"beginner",1,12,4
"78","male",25,166.1,72,26.1,16,45,5,"proteins",2,0,"cardio",60,"expert",0.5,2,5
"79","female",18,168,64.7,22.9,22,28,5,"fats",3,23.18,"classes",90,"expert",5,49,7
"80","female",33,157.8,65.5,26.3,29,41,5,"carbs",2,5.11,"cardio",60,"beginner",0.5,2,6
"81","female",20,165.5,63.8,23.3,23,42,4,"proteins",4,22.75,"classes",90,"beginner",0.5,3,7
"82","female",20,168.2,72.7,25.7,25,27,3,"proteins",3,8.81,"weights",60,"intermediate",0.5,6,7
"83","female",32,161.1,71,27.4,30,52,5,"fats",2,4.2,"classes",90,"expert",5,17,6
"84","male",35,170.5,77.2,26.6,19,54,4,"proteins",1,0,"cardio",60,"expert",0.5,1,4
"85","female",25,163.1,63.2,23.8,24,39,4,"proteins",2,0,"classes",120,"expert",0.5,4,8
"86","female",29,173.6,74.9,24.9,27,51,5,"proteins",2,7.01,"cardio",60,"expert",0.5,4,6
"87","female",23,165.7,64.8,23.6,24,47,4,"fats",1,5.83,"classes",90,"expert",0.5,3,4
"88","male",20,170.2,85.2,29.4,19,32,3,"proteins",1,0,"weights",120,"intermediate",5,26,3
"89","male",25,174.2,104.8,34.5,26,46,6,"proteins",4,20.23,"classes",60,"expert",5,23,7
"90","male",53,175.1,101,32.9,31,43,4,"proteins",1,0,"weights",120,"expert",0.5,6,4
"91","female",42,158.5,61.7,24.6,29,41,6,"proteins",1,12.38,"weights",120,"expert",5,15,6
"92","female",18,164.7,56.5,20.8,19,32,4,"fats",2,19.63,"classes",120,"expert",0.5,2,6
"93","female",29,166,64.7,23.5,25,53,5,"fats",1,12.6,"cardio",60,"beginner",5,27,5
"94","female",53,170,66.3,22.9,30,37,5,"proteins",3,0,"cardio",60,"expert",0.5,3,7
"95","male",28,169.9,79.2,27.4,19,48,6,"proteins",2,0,"classes",60,"expert",5,22,7
"96","female",24,163,64,24.1,24,47,6,"proteins",4,16.7,"cardio",60,"expert",5,57,6
"97","female",33,160.6,63.4,24.6,27,50,5,"carbs",4,0,"classes",90,"expert",5,52,9
"98","male",24,167.1,73.8,26.4,16,42,5,"fats",3,0,"classes",90,"intermediate",1,12,7
"99","male",28,176.6,89.9,28.8,20,46,6,"carbs",2,0,"classes",90,"intermediate",0.5,4,6
"100","female",57,165.5,63,23,31,29,4,"proteins",1,4.71,"cardio",60,"expert",0.5,5,4
"101","female",33,165.5,73.5,26.8,30,52,6,"proteins",3,8.02,"classes",90,"beginner",1,6,6
"102","male",26,177.1,94.9,30.3,22,38,4,"proteins",2,11.3,"classes",90,"intermediate",5,32,6
"103","male",44,163.3,89,33.4,29,53,4,"proteins",0,0,"cardio",60,"beginner",5,54,4
"104","female",19,166.6,69,24.9,24,27,4,"proteins",2,14.37,"weights",90,"expert",5,44,6
"105","female",29,163.7,65.4,24.4,26,40,3,"carbs",3,0,"cardio",60,"expert",0.5,1,6
"106","male",16,170.9,89,30.5,19,48,5,"carbs",4,0,"classes",60,"intermediate",0.5,2,8
"107","male",23,170,76.7,26.5,16,56,4,"carbs",2,11.35,"cardio",60,"beginner",1,8,7
"108","male",27,175,102.6,33.5,26,40,4,"carbs",3,9.91,"classes",60,"expert",1,11,8
"109","female",31,162.4,55,20.9,22,51,6,"proteins",3,14.69,"weights",120,"expert",5,18,6
"110","male",19,173.7,91,30.2,20,38,4,"proteins",2,15.67,"classes",120,"intermediate",1,9,7
"111","male",28,165.3,77.1,28.2,19,40,3,"fats",3,13.17,"cardio",60,"beginner",5,23,6
"112","female",22,161,58,22.4,22,41,4,"carbs",4,21.64,"classes",60,"beginner",5,23,6
"113","female",19,158.8,66.3,26.3,26,34,3,"proteins",3,16.35,"classes",60,"expert",0.5,2,7
"114","female",24,162.3,53.1,20.2,20,37,5,"proteins",1,6.22,"weights",120,"expert",5,49,5
"115","female",18,164.6,65.2,24.1,23,27,3,"carbs",3,13.78,"classes",90,"intermediate",5,55,7
"116","male",37,167.9,63.9,22.7,15,52,4,"fats",1,0,"classes",120,"beginner",5,44,4
"117","female",43,161,62.6,24.2,29,40,4,"proteins",1,4.16,"classes",60,"expert",0.5,6,4
"118","male",21,171.2,86.5,29.5,19,40,6,"proteins",2,2.81,"weights",90,"beginner",5,38,5
"119","male",58,173.4,83.6,27.8,26,34,5,"proteins",2,14.84,"classes",60,"expert",0.5,6,5
"120","female",41,168.4,68.3,24.1,28,35,3,"fats",0,0,"cardio",60,"beginner",0.5,1,3
"121","male",22,174,98,32.4,23,42,3,"carbs",3,11.93,"cardio",60,"expert",1,6,5
"122","female",31,164.7,59.5,21.9,23,47,5,"proteins",2,13.37,"weights",90,"expert",5,59,7
"123","male",27,175.6,82.2,26.7,17,54,4,"proteins",2,16.83,"weights",90,"intermediate",5,17,7
"124","male",30,169.5,82.6,28.8,21,57,5,"proteins",3,10.87,"weights",60,"expert",0.5,4,8
"125","female",45,163,67.2,25.3,31,36,3,"fats",2,0,"cardio",60,"beginner",0.5,4,6
"126","male",28,171.9,90.7,30.7,22,52,5,"fats",4,0,"cardio",60,"expert",5,13,8
"127","female",31,163.4,61.3,23,25,48,5,"fats",4,20.52,"cardio",60,"intermediate",0.5,1,7
"128","female",23,166.7,72.2,26,26,42,5,"carbs",3,13.26,"cardio",60,"beginner",0.5,1,9
"129","female",26,153.5,53.8,22.8,23,38,4,"proteins",2,9.61,"weights",90,"beginner",0.5,4,8
"130","male",19,172.8,87.1,29.2,19,53,3,"proteins",2,0,"classes",60,"beginner",5,48,6
"131","male",27,174.8,90.8,29.7,21,42,5,"proteins",2,8.1,"cardio",60,"expert",0.5,6,6
"132","female",27,162.5,65.8,24.9,26,35,4,"proteins",3,13.73,"cardio",60,"expert",0.5,6,6
"133","female",29,171.1,72.8,24.9,27,39,5,"fats",3,9.01,"classes",120,"expert",5,44,5
"134","female",34,161.9,54.7,20.9,23,50,5,"fats",0,0,"weights",60,"expert",1,12,5
"135","female",19,162.3,56.4,21.4,20,38,4,"proteins",3,6.23,"cardio",60,"expert",1,7,6
"136","female",50,162.6,63.6,24.1,30,42,6,"proteins",2,7.5,"cardio",60,"beginner",0.5,2,5
"137","female",28,160.1,72.1,28.1,30,50,5,"fats",5,0,"classes",90,"expert",5,60,7
"138","male",61,172,95.3,32.2,32,44,4,"proteins",0,0,"classes",60,"intermediate",0.5,4,4
"139","male",33,163.3,78.3,29.4,22,48,5,"fats",1,9.92,"cardio",60,"expert",5,41,5
"140","female",32,158.1,61,24.4,27,43,4,"proteins",3,13.2,"classes",120,"beginner",5,26,7
"141","female",26,165.4,62.8,23,24,32,3,"proteins",2,12.57,"classes",60,"intermediate",5,36,6
"142","female",39,169.4,65.9,23,27,39,4,"carbs",1,10.66,"classes",60,"expert",0.5,3,4
"143","female",22,161.2,54.9,21.1,20,53,5,"proteins",5,23.63,"cardio",60,"beginner",0.5,1,8
"144","male",39,169.1,89.2,31.2,26,52,6,"fats",4,9.67,"cardio",60,"intermediate",0.5,6,7
"145","female",27,165.6,70.1,25.6,27,51,6,"carbs",4,15.16,"weights",60,"beginner",0.5,5,7
"146","female",27,162.1,62.8,23.9,25,41,5,"fats",4,16.93,"classes",60,"expert",5,47,8
"147","female",21,164.8,56.8,20.9,20,52,5,"proteins",3,12.54,"weights",90,"beginner",5,46,7
"148","female",39,171.3,72.4,24.7,29,39,4,"fats",3,16.44,"classes",90,"expert",5,60,6
"149","female",46,167,71.5,25.6,31,39,5,"proteins",1,9.56,"classes",60,"intermediate",0.5,6,5
"150","male",18,171.3,85.3,29.1,18,44,4,"carbs",2,10.23,"cardio",60,"intermediate",0.5,2,6
"151","female",35,167.5,62,22.1,25,49,4,"carbs",2,9.33,"classes",60,"intermediate",0.5,1,4
"152","female",21,172.1,70.7,23.9,24,35,3,"fats",3,9.47,"classes",60,"beginner",5,23,7
"153","female",25,170.8,78.8,27,28,45,5,"carbs",3,12.95,"weights",120,"intermediate",5,21,6
"154","male",51,171.7,91.4,31,28,40,5,"proteins",2,8.8,"classes",90,"beginner",1,12,6
"155","male",30,167.8,83.3,29.6,22,48,3,"proteins",2,15.37,"cardio",60,"beginner",5,31,6
"156","male",22,175.2,94.3,30.7,21,38,5,"proteins",4,14.39,"classes",90,"expert",0.5,4,6
"157","male",37,169.8,80.7,28,21,52,4,"proteins",2,10.61,"weights",90,"expert",0.5,5,6
"158","male",39,171.3,93.8,32,27,54,5,"carbs",3,11.77,"classes",120,"intermediate",5,53,6
"159","male",33,169.7,83.8,29.1,22,49,6,"proteins",2,16.42,"classes",60,"expert",5,57,8
"160","female",53,158.2,58.9,23.5,30,38,3,"proteins",2,10.99,"classes",90,"expert",0.5,6,5
"161","male",49,176.1,104.4,33.7,31,41,5,"proteins",2,15.02,"classes",60,"expert",5,16,5
"162","male",24,174.3,80.9,26.6,17,47,4,"carbs",3,13.39,"weights",60,"beginner",1,9,7
"163","female",16,165.8,67.6,24.6,23,45,6,"proteins",3,18.55,"cardio",60,"intermediate",5,33,7
"164","male",25,170.2,86.4,29.8,21,41,5,"proteins",2,13.24,"classes",60,"beginner",1,7,9
"165","male",30,168.4,86.4,30.5,23,59,6,"proteins",1,10.04,"classes",60,"beginner",5,44,6
"166","male",25,170.3,75.9,26.2,16,48,3,"carbs",1,0,"cardio",60,"expert",5,55,3
"167","female",17,162.2,68,25.8,25,41,4,"proteins",6,0,"cardio",60,"expert",0.5,6,9
"168","female",25,162.3,64.9,24.6,25,44,3,"proteins",2,11.64,"weights",60,"beginner",5,15,6
"169","female",23,167.8,67.6,24,24,41,4,"carbs",2,12.07,"cardio",60,"expert",1,11,7
"170","male",25,170.2,82.1,28.3,19,46,4,"carbs",4,0,"weights",60,"intermediate",5,25,6
"171","female",33,166.9,61.2,22,24,51,5,"fats",2,14,"weights",90,"expert",1,8,7
"172","male",29,172.3,87.2,29.4,21,59,5,"carbs",2,11.24,"cardio",60,"expert",0.5,2,7
"173","male",57,163.4,65.3,24.5,22,47,4,"fats",2,14.83,"classes",60,"expert",5,31,6
"174","female",19,167.6,66.5,23.7,23,46,3,"carbs",4,16.63,"cardio",60,"beginner",1,9,7
"175","female",19,167.2,76.5,27.4,27,34,3,"proteins",1,12.41,"cardio",60,"beginner",0.5,5,3
"176","male",21,176.7,100.4,32.2,23,38,4,"proteins",4,0,"weights",120,"expert",5,42,6
"177","female",32,165.3,63.8,23.3,25,48,5,"proteins",1,5.96,"classes",60,"expert",5,51,5
"178","female",60,170.5,73.8,25.4,34,30,5,"proteins",2,11.01,"cardio",60,"beginner",5,35,6
"179","female",27,158.7,56.2,22.3,23,49,4,"carbs",2,16.08,"classes",90,"expert",5,33,7
"180","male",23,164.6,74.8,27.6,18,42,3,"proteins",3,18.2,"weights",120,"intermediate",1,8,5
"181","female",57,152.7,56.6,24.3,32,32,4,"carbs",0,0,"weights",120,"expert",0.5,1,4
"182","female",37,161,57.5,22.2,25,46,4,"carbs",3,14.82,"weights",120,"beginner",5,23,7
"183","male",27,170.8,90.2,30.9,22,40,5,"proteins",2,10.91,"classes",120,"intermediate",5,31,7
"184","male",32,173.9,95,31.4,24,55,5,"proteins",4,23.98,"weights",120,"beginner",5,34,8
"185","male",56,169.4,75.7,26.4,24,35,5,"proteins",2,7.05,"weights",60,"intermediate",5,35,6
"186","male",31,170.1,86.8,30,22,50,6,"proteins",2,16.85,"cardio",60,"beginner",5,39,7
"187","male",35,168.5,82.1,28.9,22,51,5,"fats",2,6.26,"cardio",60,"expert",5,44,7
"188","female",46,158.7,57,22.6,28,40,2,"proteins",2,14.15,"classes",120,"expert",0.5,5,6
"189","male",26,171.9,87.3,29.5,21,58,5,"carbs",1,15.81,"weights",120,"expert",0.5,2,5
"190","male",17,170.9,97.2,33.3,23,45,5,"carbs",4,0,"classes",90,"expert",0.5,5,8
"191","female",32,167,72.3,25.9,28,53,5,"proteins",3,11.76,"cardio",60,"expert",0.5,4,6
"192","female",30,159.8,59.1,23.1,25,56,5,"carbs",3,11.19,"weights",120,"beginner",5,47,7
"193","male",44,175.5,94,30.5,26,52,4,"carbs",1,11.29,"classes",90,"intermediate",1,7,4
"194","female",26,154.6,54,22.6,23,35,4,"carbs",4,0,"cardio",60,"expert",0.5,5,9
"195","female",22,155.6,49.3,20.4,20,40,5,"proteins",4,20.32,"cardio",60,"expert",5,28,7
"196","male",39,176.2,99.1,31.9,26,50,7,"carbs",4,0,"weights",90,"intermediate",5,55,6
"197","female",27,168.4,69.9,24.6,26,52,6,"proteins",2,8.91,"cardio",60,"beginner",1,8,4
"198","male",48,171,81.2,27.8,24,40,6,"carbs",3,6.38,"cardio",60,"beginner",5,24,7
"199","female",50,170.5,71,24.4,31,42,4,"proteins",1,8.38,"classes",90,"beginner",0.5,4,4
"200","female",27,160.7,63.7,24.7,26,50,4,"fats",4,20.82,"weights",120,"expert",0.5,5,8
"201","female",34,168.3,77.9,27.5,31,51,5,"fats",2,0,"cardio",60,"expert",5,35,6
"202","male",49,169.3,81.5,28.4,25,39,5,"carbs",2,14.97,"cardio",60,"intermediate",5,50,7
"203","male",62,170,82.7,28.6,28,34,5,"proteins",0,0,"cardio",60,"expert",5,20,5
"204","female",27,162.2,59.5,22.6,23,33,2,"proteins",4,22.92,"classes",120,"intermediate",5,49,7
"205","male",26,176.6,91.8,29.4,20,56,5,"proteins",1,8.91,"cardio",60,"intermediate",5,45,5
"206","female",28,162.1,64.3,24.5,26,38,3,"carbs",3,20.1,"cardio",60,"beginner",5,42,7
"207","female",56,168.5,64.6,22.8,30,29,5,"fats",1,0,"classes",90,"intermediate",5,46,5
"208","female",24,161.6,63,24.1,24,32,6,"carbs",1,7.67,"weights",90,"expert",5,22,6
"209","female",25,168.1,66.7,23.6,24,41,5,"carbs",1,14.15,"cardio",60,"intermediate",5,54,5
"210","female",29,157.6,64.4,25.9,28,47,5,"fats",0,0,"weights",90,"expert",0.5,3,5
"211","female",20,169.9,66.4,23,22,31,2,"carbs",4,14.83,"classes",60,"beginner",1,10,9
"212","female",27,163.4,53.6,20.1,20,44,4,"fats",2,12.36,"classes",120,"beginner",1,6,8
"213","female",27,166.2,73.9,26.8,28,41,3,"fats",4,0,"cardio",60,"beginner",1,11,9
"214","male",33,165.6,72.9,26.6,19,51,6,"proteins",1,0,"classes",90,"beginner",5,15,6
"215","male",44,169.2,79.5,27.8,23,54,4,"fats",2,0,"weights",60,"beginner",0.5,6,6
"216","female",47,155,55.3,23,28,42,5,"proteins",1,9.77,"classes",60,"beginner",5,44,5
"217","female",20,157.2,55.1,22.3,21,44,4,"carbs",3,9.57,"classes",90,"expert",5,14,5
"218","male",63,173.5,89.8,29.8,29,41,3,"carbs",2,16.41,"classes",90,"expert",5,41,7
"219","female",47,167.5,67.2,24,30,44,4,"proteins",3,16.75,"cardio",60,"intermediate",5,33,6
"220","male",33,169.1,87.5,30.6,24,47,7,"proteins",3,18.22,"cardio",60,"beginner",5,12,8
"221","female",41,161.9,69.7,26.6,31,35,6,"carbs",2,8.12,"cardio",60,"expert",5,49,5
"222","male",30,171.4,92.5,31.5,24,52,3,"proteins",4,19.64,"cardio",60,"beginner",0.5,4,10
"223","female",25,164.6,48.6,17.9,17,37,3,"proteins",3,19.92,"classes",90,"expert",0.5,3,6
"224","male",49,166.6,76.7,27.6,24,40,3,"proteins",2,0,"weights",120,"expert",0.5,2,7
"225","female",30,164.7,52.1,19.2,20,51,6,"proteins",3,11.29,"classes",60,"expert",5,41,6
"226","male",21,174.9,89.5,29.3,19,49,4,"proteins",3,14.84,"classes",60,"expert",5,18,7
"227","male",17,168.8,73.5,25.8,14,48,5,"proteins",3,12.26,"classes",120,"expert",0.5,1,7
"228","male",36,166.3,79.1,28.6,22,46,5,"carbs",1,8.6,"classes",60,"beginner",0.5,6,5
"229","female",30,165.9,54.7,19.9,21,51,4,"proteins",2,0,"weights",120,"expert",0.5,5,5
"230","male",17,167.9,84.7,30,19,38,5,"proteins",2,9.24,"cardio",60,"expert",5,13,6
"231","male",28,169.8,98,34,26,41,5,"carbs",3,16.69,"cardio",60,"expert",0.5,1,7
"232","male",39,175.9,98.5,31.8,26,44,4,"fats",2,7.95,"weights",90,"expert",5,30,7
"233","male",37,171.5,89.2,30.3,24,57,7,"carbs",4,18.39,"cardio",60,"beginner",0.5,2,7
"234","male",45,168.9,87.1,30.5,26,52,4,"proteins",2,12.1,"weights",90,"expert",5,38,6
"235","male",35,176.7,102.9,33,27,49,5,"fats",3,8.12,"classes",60,"beginner",0.5,2,9
"236","male",38,168.5,72.7,25.6,19,53,4,"proteins",2,0,"cardio",60,"expert",1,9,7
"237","female",31,163.3,64.6,24.2,26,53,5,"proteins",2,8.21,"weights",60,"expert",0.5,6,6
"238","female",21,169.5,62.9,21.9,21,28,2,"proteins",4,0,"cardio",60,"expert",0.5,3,7
"239","male",36,172.7,91.1,30.5,24,45,5,"carbs",4,17.31,"classes",90,"expert",5,52,8
"240","female",27,168.8,68.7,24.1,25,45,6,"fats",4,20.05,"cardio",60,"expert",1,7,6
"241","female",32,162.2,55.3,21,23,48,3,"carbs",3,0,"cardio",60,"beginner",5,48,5
"242","female",17,161.5,58.5,22.4,21,46,4,"proteins",3,12.22,"cardio",60,"expert",1,11,6
"243","male",23,179.8,116.4,36,28,45,5,"proteins",2,0,"classes",60,"expert",0.5,5,5
"244","female",29,163,56.7,21.3,22,47,3,"carbs",3,0,"cardio",60,"beginner",0.5,6,7
"245","female",42,155.3,55.7,23.1,27,37,4,"proteins",1,0,"classes",60,"intermediate",5,57,4
"246","female",44,159.1,69.1,27.3,33,41,4,"proteins",2,9.97,"cardio",60,"expert",5,42,6
"247","female",22,159.9,59,23.1,23,37,3,"proteins",3,0,"classes",60,"beginner",1,6,6
"248","male",32,185,103.5,30.2,23,58,5,"proteins",1,0,"weights",90,"expert",5,14,5
"249","female",36,165,58.8,21.6,24,38,5,"proteins",2,20.87,"cardio",60,"expert",1,7,5
"250","female",28,165.2,60.2,22.1,23,36,4,"proteins",2,8.07,"cardio",60,"expert",5,22,6
"251","female",35,164.1,61.8,22.9,26,48,4,"proteins",1,9.37,"cardio",60,"expert",5,40,4
"252","male",25,167.2,80.4,28.8,20,54,5,"carbs",1,16.34,"cardio",60,"intermediate",0.5,5,5
"253","female",21,168,75.9,26.9,27,37,3,"proteins",3,15.99,"cardio",60,"expert",1,7,7
"254","male",41,166.6,77.7,28,22,48,4,"proteins",2,19.25,"classes",90,"expert",5,54,7
"255","male",35,175.6,87.6,28.4,21,55,5,"proteins",3,9.25,"classes",60,"expert",0.5,5,7
"256","male",31,162.4,66.6,25.3,17,48,5,"carbs",3,18.07,"cardio",60,"expert",0.5,4,7
"257","female",28,159.6,58.3,22.9,24,35,3,"carbs",4,18.21,"weights",90,"expert",1,6,9
"258","male",61,170,86.4,29.9,29,37,5,"proteins",1,0,"cardio",60,"expert",0.5,4,5
"259","female",54,161.9,62.7,23.9,31,31,5,"proteins",1,19.33,"classes",120,"intermediate",5,42,5
"260","male",43,170.1,92.5,32,27,47,5,"fats",3,14.72,"weights",60,"expert",1,6,5
"261","male",36,168.8,84.8,29.8,23,57,4,"proteins",1,8.61,"cardio",60,"beginner",5,15,4
"262","female",41,159.9,59.5,23.3,27,41,3,"proteins",1,0,"weights",120,"expert",5,45,3
"263","male",36,171.3,76.9,26.2,19,51,5,"fats",3,15.8,"classes",60,"expert",5,43,4
"264","male",20,170.9,93.8,32.1,22,50,5,"proteins",2,13.53,"weights",60,"expert",5,52,6
"265","female",21,166.6,67,24.1,24,45,5,"proteins",4,0,"classes",90,"expert",1,11,7
"266","male",50,167.2,87.5,31.3,28,42,6,"proteins",0,0,"weights",120,"expert",0.5,2,6
"267","male",20,171.7,85.2,28.9,18,38,4,"carbs",3,0,"weights",60,"expert",5,51,7
"268","male",22,177.3,92.6,29.5,20,35,3,"carbs",4,13.87,"classes",120,"expert",5,23,8
"269","male",24,172.5,97.1,32.6,24,38,5,"proteins",4,18.48,"cardio",60,"expert",5,24,9
"270","female",20,166.3,64.3,23.3,23,36,3,"carbs",4,14.86,"classes",60,"beginner",5,34,8
"271","male",31,169.9,87.1,30.2,23,55,5,"proteins",1,16.56,"classes",60,"intermediate",1,11,5
"272","male",23,173.3,90.6,30.2,21,52,5,"proteins",3,9.21,"classes",120,"beginner",0.5,4,6
"273","male",35,176.1,94.9,30.6,24,47,5,"carbs",3,11.22,"cardio",60,"intermediate",1,9,6
"274","male",45,168.9,86.5,30.3,26,40,5,"proteins",1,0,"classes",60,"beginner",5,52,5
"275","male",18,163.6,76.7,28.7,18,47,5,"fats",2,7.56,"cardio",60,"intermediate",5,44,6
"276","female",40,165.8,64.2,23.4,27,49,4,"carbs",2,15.69,"weights",120,"beginner",5,48,6
"277","female",33,159,55.3,21.9,24,53,4,"carbs",2,12.36,"cardio",60,"beginner",1,7,5
"278","male",41,177,92.2,29.4,24,48,4,"proteins",1,13.03,"classes",90,"expert",1,8,4
"279","female",29,153.8,55.4,23.4,25,46,5,"fats",2,1.49,"weights",90,"expert",0.5,5,4
"280","female",20,161.6,57.8,22.1,21,39,5,"proteins",2,0,"classes",90,"beginner",0.5,3,6
"281","female",33,158.5,56.7,22.6,25,48,3,"proteins",3,0,"classes",90,"beginner",0.5,1,7
"282","female",56,166.7,63.4,22.8,30,32,3,"carbs",1,5.04,"cardio",60,"expert",0.5,5,3
"283","male",22,169.3,90.5,31.6,22,48,5,"proteins",2,0,"weights",60,"expert",0.5,2,6
"284","male",49,170.6,85,29.2,26,40,5,"carbs",2,0,"weights",120,"beginner",0.5,4,6
"285","male",28,169.2,89.2,31.2,23,45,4,"proteins",3,11.81,"cardio",60,"intermediate",0.5,5,7
"286","male",26,167.9,86.7,30.8,22,49,5,"carbs",4,17.95,"cardio",60,"beginner",5,47,7
"287","male",29,174.3,89.4,29.4,21,44,5,"fats",3,15.52,"weights",60,"expert",0.5,5,8
"288","female",33,167.3,72.1,25.8,29,48,3,"carbs",3,12.66,"weights",120,"expert",0.5,3,6
"289","male",36,173.5,103.2,34.3,29,56,6,"proteins",3,7.36,"classes",90,"beginner",5,34,6
"290","female",56,155.3,47.2,19.6,26,40,3,"proteins",2,9.86,"cardio",60,"expert",0.5,5,6
"291","female",28,157.8,56.9,22.9,24,53,6,"proteins",2,0,"classes",90,"expert",1,9,6
"292","male",31,177.1,107.2,34.2,27,52,6,"proteins",1,13.01,"classes",90,"expert",5,49,6
"293","male",35,173.2,95.7,31.9,26,46,3,"proteins",1,13.38,"cardio",60,"expert",0.5,4,3
"294","male",40,170.9,89.4,30.6,25,47,4,"proteins",1,9.58,"cardio",60,"expert",0.5,6,4
"295","female",26,165.3,60.9,22.3,23,40,5,"proteins",2,9.17,"cardio",60,"expert",0.5,3,7
"296","female",36,162.5,60.7,23,26,40,5,"fats",2,9.83,"classes",60,"intermediate",0.5,4,7
"297","male",24,176.4,89.5,28.8,19,57,5,"carbs",2,0,"cardio",60,"expert",5,21,5
"298","male",38,163.9,79.5,29.6,23,52,4,"fats",3,0,"cardio",60,"expert",5,17,7
"299","male",22,168.5,79.9,28.1,18,49,5,"fats",3,0,"classes",60,"intermediate",5,33,7
"300","male",29,174.7,88.2,28.9,21,39,4,"carbs",4,19.86,"classes",60,"intermediate",5,15,7
"301","male",28,170.2,94.6,32.7,25,60,5,"proteins",3,11.55,"weights",120,"intermediate",5,32,7
"302","female",24,166,68.3,24.8,25,50,6,"fats",4,24.62,"cardio",60,"beginner",0.5,5,8
"303","female",42,163.1,56.4,21.2,25,37,4,"proteins",1,13.31,"cardio",60,"intermediate",5,43,4
"304","female",16,157.3,54.3,21.9,20,44,4,"carbs",2,7.86,"weights",90,"intermediate",0.5,5,6
"305","female",34,172.3,74,24.9,28,51,4,"fats",2,14.06,"weights",60,"expert",0.5,4,5
"306","female",35,164.4,65.4,24.2,27,44,4,"fats",2,12.13,"classes",60,"beginner",1,11,6
"307","male",25,170.1,76.6,26.5,17,40,4,"carbs",3,18.54,"cardio",60,"expert",0.5,6,6
"308","male",23,181,100.9,30.8,21,54,5,"fats",3,0,"classes",60,"intermediate",0.5,2,8
"309","female",38,162.4,52.3,19.8,22,38,6,"proteins",1,12.04,"classes",90,"expert",5,40,6
"310","female",32,162.7,60.4,22.8,25,50,6,"proteins",4,22.02,"classes",60,"expert",0.5,6,8
"311","female",41,162.6,52.5,19.9,23,43,5,"carbs",1,0.04,"cardio",60,"intermediate",0.5,4,5
"312","male",27,177.8,108.9,34.4,27,59,5,"proteins",1,6.22,"weights",90,"expert",5,55,5
"313","female",20,166.7,60.7,21.8,21,43,3,"proteins",2,0,"classes",90,"expert",5,33,4
"314","male",46,174,90.2,29.8,26,42,4,"proteins",2,9.86,"cardio",60,"intermediate",0.5,6,5
"315","female",33,162.4,68.2,25.9,29,44,3,"carbs",1,-2.35,"classes",120,"expert",0.5,3,3
"316","female",31,158.5,54.2,21.6,23,54,5,"proteins",2,0,"cardio",60,"expert",5,54,7
"317","female",23,160.6,59.3,23,23,47,6,"proteins",2,10.48,"cardio",60,"expert",1,9,4
"318","male",40,165.8,73.8,26.8,21,54,4,"fats",2,0.52,"classes",90,"beginner",5,53,7
"319","female",22,166.8,68.8,24.7,25,31,3,"proteins",4,16.78,"cardio",60,"intermediate",5,34,8
"320","male",41,168,85,30.1,25,54,5,"proteins",1,0,"classes",120,"beginner",1,9,5
"321","male",57,162.8,70.8,26.7,24,40,4,"proteins",1,5.76,"cardio",60,"beginner",5,37,4
"322","male",34,174,87.7,29,22,58,5,"proteins",3,15.52,"cardio",60,"beginner",0.5,5,8
"323","male",32,171.3,77.5,26.4,18,59,4,"carbs",3,9.29,"weights",60,"intermediate",1,10,6
"324","female",49,167.3,57.7,20.6,26,44,5,"carbs",0,0,"cardio",60,"intermediate",0.5,4,5
"325","male",38,170.3,84,29,23,53,5,"fats",4,7.99,"classes",90,"expert",5,15,6
"326","male",20,171.7,82.8,28.1,18,42,3,"fats",4,0,"cardio",60,"expert",5,51,6
"327","male",28,178,89.7,28.3,20,52,5,"proteins",3,6.11,"cardio",60,"beginner",5,28,7
"328","male",54,172.3,71,23.9,20,45,5,"proteins",1,8.53,"weights",60,"beginner",1,12,5
"329","male",22,171.4,90.6,30.8,21,41,5,"proteins",4,26.92,"weights",90,"expert",0.5,1,7
"330","male",24,167.6,85.3,30.4,21,47,3,"fats",4,0,"weights",90,"expert",0.5,3,7
"331","male",27,172.6,95.4,32,24,45,6,"proteins",3,17.33,"cardio",60,"intermediate",5,45,8
"332","male",51,168.4,76.5,27,23,37,3,"fats",2,3.58,"cardio",60,"expert",1,6,5
"333","male",34,165.1,74.9,27.5,20,49,5,"proteins",3,15.11,"classes",60,"expert",1,7,6
"334","male",42,166.7,83.6,30.1,25,42,4,"carbs",3,0,"cardio",60,"expert",5,48,7
"335","female",34,164,74.4,27.7,31,44,4,"fats",2,13.07,"cardio",60,"expert",0.5,4,6
"336","male",41,167.3,87.7,31.3,26,51,4,"carbs",2,0,"cardio",60,"beginner",0.5,6,6
"337","female",33,161.5,52.8,20.2,22,52,4,"proteins",2,9.68,"weights",90,"expert",5,39,6
"338","male",30,173.5,82.1,27.3,19,51,4,"proteins",2,9.46,"classes",60,"beginner",0.5,6,6
"339","female",24,159.2,53.9,21.3,21,45,4,"proteins",3,17.98,"cardio",60,"expert",5,16,8
"340","male",20,172.2,82.6,27.9,17,51,4,"fats",3,0,"cardio",60,"intermediate",5,34,6
"341","male",29,175.3,86.6,28.2,20,53,5,"proteins",3,11.88,"cardio",60,"expert",1,7,5
"342","female",33,164.7,64.7,23.9,26,53,3,"proteins",3,0,"classes",60,"intermediate",5,38,7
"343","female",28,159.2,55.4,21.9,23,49,6,"proteins",2,0,"cardio",60,"intermediate",5,60,6
"344","female",50,160.9,64.5,24.9,31,37,4,"proteins",1,12.69,"classes",120,"beginner",1,7,4
"345","male",21,177,90.4,28.9,19,48,4,"proteins",2,15.88,"classes",60,"beginner",5,47,8
"346","female",34,167.7,67.1,23.9,26,49,4,"carbs",2,9.03,"weights",60,"intermediate",0.5,1,5
"347","female",40,155.3,49.2,20.4,24,40,3,"proteins",1,0,"classes",90,"intermediate",5,47,3
"348","male",18,173.1,91.1,30.4,20,40,3,"proteins",3,11.58,"classes",90,"expert",5,35,7
"349","male",24,162.7,76.4,28.9,19,54,6,"proteins",3,8.81,"weights",90,"beginner",5,57,7
"350","male",18,173.8,89.5,29.6,19,47,4,"proteins",3,0,"classes",90,"intermediate",5,35,6
"351","male",20,168.9,95.2,33.4,24,51,4,"proteins",2,10.38,"cardio",60,"expert",5,58,6
"352","female",17,163.3,62.4,23.4,22,43,6,"proteins",4,15.81,"weights",120,"beginner",5,56,6
"353","female",27,158.9,50.4,20,20,44,5,"proteins",2,3.69,"classes",90,"expert",1,11,6
"354","female",47,157.2,53.1,21.5,27,37,5,"proteins",1,10.59,"cardio",60,"intermediate",5,22,5
"355","male",25,176.3,106.3,34.2,26,45,6,"proteins",4,14.85,"weights",120,"intermediate",5,12,6
"356","female",20,170.4,77.3,26.6,27,32,4,"carbs",2,6.17,"cardio",60,"expert",1,7,6
"357","male",28,170.6,78.6,27,18,50,5,"proteins",2,20.22,"classes",90,"intermediate",5,31,5
"358","male",32,170.3,70.8,24.4,16,46,5,"carbs",2,0,"cardio",60,"expert",0.5,4,7
"359","male",36,170.3,95.7,33,27,47,6,"proteins",3,15.86,"cardio",60,"intermediate",5,17,7
"360","male",40,171.9,94.9,32.1,27,43,5,"carbs",2,13.08,"cardio",60,"expert",5,44,8
"361","male",29,173.2,85.6,28.5,20,46,6,"proteins",4,12.64,"cardio",60,"beginner",1,12,6
"362","male",31,177.6,97.4,30.9,23,57,5,"proteins",3,21.74,"cardio",60,"intermediate",5,21,6
"363","male",23,168,82,29.1,19,52,7,"fats",4,15.8,"classes",120,"expert",5,13,8
"364","male",40,166,83.6,30.3,25,45,3,"carbs",2,14.01,"classes",60,"expert",0.5,2,7
"365","female",32,165.9,63.6,23.1,25,42,4,"proteins",4,0,"cardio",60,"expert",5,55,7
"366","male",50,169.7,90.2,31.3,28,48,4,"carbs",1,11.68,"classes",90,"intermediate",0.5,5,4
"367","female",53,159.2,52.6,20.8,27,38,5,"carbs",3,11.72,"classes",60,"expert",5,58,5
"368","female",28,165.5,62.7,22.9,24,38,4,"carbs",2,2.81,"weights",60,"expert",1,12,7
"369","male",45,174.7,91.8,30.1,26,45,5,"proteins",3,18.58,"cardio",60,"expert",5,13,9
"370","male",20,175.7,97.6,31.6,22,47,6,"carbs",4,20.97,"weights",90,"beginner",0.5,3,8
"371","male",22,163.4,65.9,24.7,14,36,4,"proteins",4,15.06,"classes",120,"beginner",5,31,8
"372","male",60,176,99.3,32.1,32,45,4,"fats",1,8.96,"weights",90,"intermediate",5,12,4
"373","female",26,159.6,51.2,20.1,20,52,6,"proteins",3,8.67,"cardio",60,"expert",0.5,2,7
"374","male",44,175.1,88.7,28.9,24,48,4,"carbs",1,14.86,"classes",90,"beginner",5,14,4
"375","male",21,177.9,109,34.4,25,36,3,"proteins",1,15.21,"classes",90,"beginner",0.5,5,3
"376","male",26,166.3,73.6,26.6,17,43,4,"fats",4,19.4,"cardio",60,"expert",1,9,7
"377","female",20,158.4,60,23.9,23,34,3,"fats",4,25.55,"classes",60,"expert",1,11,7
"378","male",35,166.8,67.3,24.2,16,57,6,"fats",1,13.9,"weights",120,"expert",1,7,6
"379","female",16,172.4,78.1,26.3,25,33,4,"proteins",3,18.55,"classes",90,"expert",0.5,3,6
"380","male",37,174.3,88.3,29.1,23,49,4,"carbs",1,9.82,"cardio",60,"beginner",5,28,4
"381","male",47,171.4,91.2,31,27,41,5,"proteins",3,14.84,"classes",90,"beginner",0.5,5,7
"382","female",29,158.3,55.9,22.3,23,44,3,"fats",3,14.6,"cardio",60,"expert",5,18,6
"383","female",35,164.5,72.4,26.8,30,45,5,"proteins",2,11.86,"weights",90,"expert",0.5,6,6
"384","female",22,166.5,72.6,26.2,26,45,5,"proteins",2,17.09,"classes",60,"beginner",0.5,5,7
"385","male",31,171.9,81.5,27.6,19,49,5,"proteins",4,0,"weights",60,"expert",5,27,7
"386","male",49,170.2,75.3,26,22,43,6,"carbs",1,3.49,"classes",60,"expert",1,11,6
"387","male",19,174.7,101.6,33.3,24,36,6,"carbs",3,9.64,"cardio",60,"expert",5,24,7
"388","male",31,171.2,81.1,27.7,20,57,6,"carbs",2,13.51,"classes",60,"beginner",5,52,7
"389","female",23,168.4,69,24.3,24,45,6,"carbs",4,16.06,"cardio",60,"expert",5,22,7
"390","male",19,170.1,92,31.8,22,51,6,"fats",3,16.2,"cardio",60,"intermediate",1,8,7
"391","female",35,160.5,64.9,25.2,28,50,4,"carbs",2,8.62,"cardio",60,"intermediate",1,7,4
"392","female",41,160.1,60.7,23.7,28,47,4,"proteins",3,10.2,"weights",60,"expert",0.5,5,7
"393","male",34,174.6,84.6,27.8,20,48,6,"proteins",2,10.49,"cardio",60,"beginner",5,17,7
"394","male",19,172.9,89.1,29.8,19,41,5,"carbs",3,14.81,"cardio",60,"expert",5,38,7
"395","female",33,166.6,62.2,22.4,24,51,5,"proteins",1,18.83,"classes",90,"beginner",5,16,5
"396","male",26,171.1,95.4,32.6,24,55,6,"proteins",3,8.77,"cardio",60,"beginner",0.5,3,7
"397","female",63,164.4,67.9,25.1,35,35,3,"proteins",0,0,"cardio",60,"expert",5,44,3
"398","male",41,170.7,79.8,27.4,22,50,4,"proteins",2,0,"cardio",60,"beginner",0.5,4,6
"399","male",17,171.4,79.9,27.2,16,37,4,"fats",3,3.19,"classes",60,"intermediate",5,60,7
"400","male",44,162.2,79.1,30.1,25,51,5,"proteins",2,0,"weights",90,"expert",1,9,6
"401","male",33,167.6,69.8,24.8,17,52,5,"carbs",4,19.74,"classes",120,"expert",5,29,7
"402","female",23,168,67.8,24,24,35,5,"carbs",3,16.84,"classes",60,"intermediate",1,8,6
"403","female",30,161.2,59,22.7,24,39,5,"proteins",2,2.95,"classes",60,"expert",5,58,6
"404","male",22,169.9,91,31.5,22,52,5,"fats",5,15.37,"classes",90,"beginner",1,12,9
"405","female",30,166.8,57.7,20.7,22,58,5,"fats",2,10.36,"cardio",60,"beginner",5,52,7
"406","male",20,172.7,94,31.5,22,47,5,"carbs",2,5.07,"classes",90,"expert",0.5,2,6
"407","female",34,166.6,53.9,19.4,21,52,5,"carbs",5,0,"classes",60,"beginner",5,54,8
"408","female",20,162.7,71.8,27.1,27,34,2,"carbs",3,15.66,"classes",60,"expert",5,57,8
"409","female",20,167.1,58.2,20.8,20,47,5,"fats",1,12.96,"classes",90,"expert",0.5,4,5
"410","male",18,165.5,80.5,29.4,19,48,5,"carbs",4,0,"cardio",60,"expert",5,60,6
"411","female",24,163,66.9,25.2,26,52,4,"proteins",3,0,"weights",90,"expert",0.5,2,8
"412","female",26,165,64.8,23.8,25,48,5,"proteins",3,19.48,"classes",90,"expert",1,12,6
"413","male",52,172.1,89.6,30.3,28,48,4,"carbs",3,8.14,"classes",120,"intermediate",1,12,7
"414","male",25,166.9,94.2,33.8,26,56,6,"fats",4,0,"cardio",60,"expert",5,54,8
"415","male",55,166.4,78.9,28.5,26,47,4,"fats",1,5.71,"weights",120,"beginner",0.5,4,4
"416","male",20,169.5,95.2,33.1,24,43,5,"carbs",4,17.32,"classes",60,"expert",1,9,8
"417","female",22,168,65,23,23,41,5,"fats",4,0,"weights",120,"expert",0.5,2,7
"418","female",21,164.6,69.8,25.8,26,28,4,"proteins",3,12.16,"classes",60,"expert",5,25,7
"419","female",19,173.3,75.6,25.2,25,34,5,"carbs",3,21.13,"cardio",60,"expert",0.5,2,8
"420","male",25,167.7,75.2,26.7,17,50,4,"proteins",2,14.69,"classes",60,"intermediate",0.5,3,6
"421","female",31,172.3,62.3,21,22,47,6,"proteins",3,7.97,"cardio",60,"expert",0.5,1,6
"422","male",24,182.3,104.1,31.3,22,55,5,"proteins",3,6.68,"weights",120,"expert",5,58,8
"423","male",32,169.8,85.7,29.7,22,54,5,"proteins",2,0,"weights",90,"intermediate",0.5,3,7
"424","female",50,167.7,69.1,24.6,31,36,2,"proteins",2,0,"classes",90,"expert",1,8,4
"425","female",18,155.4,54.9,22.7,21,41,3,"proteins",3,0,"cardio",60,"expert",5,56,5
"426","female",37,165.6,68.5,25,29,43,6,"carbs",3,12.02,"classes",60,"beginner",5,12,9
"427","male",30,167.8,66.8,23.7,15,41,5,"proteins",2,15.53,"cardio",60,"expert",1,10,6
"428","female",33,162.3,56.5,21.4,23,55,6,"proteins",1,1.85,"cardio",60,"beginner",0.5,2,6
"429","male",24,168.7,77.1,27.1,17,41,5,"proteins",1,0,"cardio",60,"expert",0.5,2,5
"430","male",23,170,83.2,28.8,19,42,5,"fats",3,10.03,"cardio",60,"expert",5,34,6
"431","female",34,167.1,71.9,25.7,29,42,3,"proteins",2,18.11,"weights",90,"expert",5,18,5
"432","female",33,160.3,57.3,22.3,24,52,5,"carbs",0,0,"classes",60,"beginner",5,43,5
"433","female",18,165.3,71.8,26.3,26,40,5,"proteins",4,23.28,"weights",90,"expert",5,15,8
"434","female",22,163.5,54,20.2,19,37,5,"proteins",2,0,"classes",60,"expert",5,24,6
"435","male",25,172.3,88.1,29.7,21,40,3,"carbs",2,11.53,"classes",120,"intermediate",0.5,6,6
"436","male",42,177.7,100.1,31.7,27,52,3,"proteins",2,10.19,"cardio",60,"expert",0.5,4,5
"437","male",30,169.2,81,28.3,20,51,4,"fats",3,20.74,"classes",90,"expert",0.5,2,6
"438","female",24,161.6,61.3,23.5,24,52,4,"proteins",2,5.81,"classes",90,"intermediate",5,59,5
"439","male",33,172.1,94.1,31.8,25,54,6,"proteins",2,19.84,"classes",90,"intermediate",5,13,6
"440","female",35,165.1,62.6,23,26,52,4,"carbs",2,14.46,"cardio",60,"intermediate",0.5,1,7
"441","female",47,159.7,61.4,24.1,30,35,3,"carbs",0,0,"classes",60,"intermediate",5,14,3
"442","male",29,171.2,88.2,30.1,22,56,5,"proteins",2,11.78,"cardio",60,"beginner",5,35,7
"443","female",23,168.4,77.3,27.3,28,43,5,"carbs",2,16,"classes",90,"expert",0.5,4,7
"444","female",20,159.7,66.5,26.1,26,45,5,"fats",4,20.69,"cardio",60,"expert",5,17,6
"445","female",32,160,59.9,23.4,25,52,6,"proteins",4,0,"weights",60,"expert",0.5,4,8
"446","male",52,172.2,87.1,29.4,26,48,6,"carbs",1,4.41,"weights",60,"intermediate",0.5,3,6
"447","male",26,176.4,91.8,29.5,21,56,5,"carbs",1,10.26,"cardio",60,"expert",1,8,5
"448","male",43,173.8,91.3,30.2,25,50,5,"carbs",3,16.52,"cardio",60,"intermediate",5,40,8
"449","female",40,159.7,64.4,25.3,30,37,3,"fats",2,20.24,"cardio",60,"intermediate",1,12,6
"450","male",20,164,71.8,26.7,16,34,5,"fats",3,10.27,"classes",60,"intermediate",5,15,6
"451","female",32,157.1,56.2,22.8,25,52,4,"fats",2,14.74,"weights",60,"expert",0.5,6,6
"452","female",22,164.9,58.5,21.5,21,46,5,"fats",2,2.44,"classes",90,"beginner",5,48,7
"453","female",33,166.5,60.9,22,24,48,5,"carbs",1,9.83,"classes",90,"intermediate",0.5,4,5
"454","male",44,173.8,92.8,30.7,26,53,4,"fats",3,12.06,"weights",60,"expert",0.5,6,10
"455","male",29,174,86,28.4,20,52,5,"fats",2,0,"weights",60,"expert",0.5,2,7
"456","male",46,171.8,85.2,28.9,24,40,5,"carbs",3,18.89,"classes",60,"beginner",5,22,7
"457","female",41,157.5,56.3,22.7,27,44,4,"carbs",3,14.01,"cardio",60,"expert",5,24,7
"458","female",23,171.3,68.4,23.3,23,35,4,"proteins",4,15.53,"cardio",60,"expert",1,10,10
"459","male",34,170.7,90.5,31.1,24,48,5,"proteins",1,7.35,"cardio",60,"intermediate",5,30,5
"460","male",28,171.6,99.5,33.8,26,56,6,"carbs",2,13,"cardio",60,"expert",1,8,7
"461","male",40,174.1,106,35,30,43,7,"carbs",3,20.69,"weights",60,"expert",0.5,5,6
"462","male",21,172.7,82.6,27.7,17,53,6,"fats",2,10.16,"weights",120,"expert",0.5,3,8
"463","female",31,165.5,60.3,22,24,46,4,"carbs",2,0,"classes",90,"expert",5,25,7
"464","male",33,167.9,80.3,28.5,21,51,4,"carbs",2,14.22,"cardio",60,"beginner",0.5,1,6
"465","male",37,174.8,95.1,31.1,25,48,6,"carbs",2,0,"cardio",60,"expert",5,46,6
"466","male",35,174.3,97.9,32.2,26,47,5,"carbs",4,12.64,"weights",60,"expert",5,18,9
"467","male",21,170.8,71.8,24.6,14,52,5,"proteins",4,15.02,"classes",60,"expert",5,34,6
"468","female",22,167.1,77.9,27.9,29,35,4,"carbs",2,11.35,"cardio",60,"expert",0.5,3,5
"469","male",25,171.6,79.5,27,17,52,7,"proteins",3,0,"weights",60,"beginner",5,37,7
"470","male",20,170.1,79.6,27.5,17,46,5,"carbs",4,11.97,"classes",90,"intermediate",5,44,7
"471","female",33,163.5,66.1,24.7,27,44,4,"fats",2,0,"weights",60,"expert",5,41,7
"472","male",27,174.5,94.1,30.9,22,43,3,"carbs",4,21.52,"weights",120,"expert",5,41,7
"473","male",29,168.1,86.8,30.7,23,53,6,"fats",3,22.85,"classes",90,"expert",5,19,7
"474","female",27,169.5,81,28.2,30,54,6,"fats",3,15.07,"classes",120,"expert",1,6,7
"475","male",31,169.7,87.4,30.3,23,48,6,"proteins",4,16.03,"cardio",60,"intermediate",0.5,5,8
"476","male",30,175.7,93.9,30.4,23,55,6,"carbs",3,17.18,"cardio",60,"expert",1,9,7
"477","female",25,166,66.6,24.2,25,40,3,"proteins",1,2.57,"cardio",60,"beginner",1,6,3
"478","female",27,163.2,63.1,23.7,25,51,6,"proteins",3,16.35,"cardio",60,"expert",0.5,3,5
"479","male",24,174.9,95.7,31.3,22,35,3,"proteins",4,0,"cardio",60,"beginner",5,23,6
"480","male",23,169.8,71,24.6,14,54,5,"proteins",2,12.74,"cardio",60,"beginner",5,53,6
"481","female",42,160.3,58.8,22.9,27,45,4,"carbs",2,7.7,"classes",90,"beginner",5,48,8
"482","female",42,160.3,58.8,22.9,27,45,4,"carbs",2,7.7,"classes",90,"beginner",5,48,8
"483","male",34,166.1,71.5,25.9,18,53,5,"proteins",3,18.25,"classes",60,"beginner",5,13,6
"484","male",48,176.6,82.8,26.5,22,48,6,"carbs",1,9.32,"cardio",60,"expert",1,8,6
"485","female",26,166.9,64.8,23.3,24,52,5,"fats",4,13.56,"weights",60,"beginner",0.5,2,7
"486","male",17,173.1,95.5,31.9,21,41,4,"proteins",2,16.75,"classes",60,"expert",0.5,1,7
"487","male",32,168,77.4,27.4,19,52,4,"carbs",3,6.25,"cardio",60,"expert",0.5,5,7
"488","female",54,150.9,43.1,18.9,25,40,5,"carbs",3,13.35,"cardio",60,"beginner",5,57,5
"489","female",31,165.3,67.3,24.6,27,43,6,"fats",3,14.1,"classes",60,"intermediate",1,11,8
"490","male",27,178.7,100,31.3,23,38,5,"proteins",4,0,"cardio",60,"beginner",5,60,6
"491","female",36,165.7,65.6,23.9,27,45,5,"proteins",2,6.48,"classes",60,"beginner",5,56,7
"492","female",32,161.6,64.3,24.6,27,48,4,"proteins",2,5.44,"cardio",60,"expert",0.5,5,7
"493","female",22,165.7,65.8,24,24,39,5,"proteins",3,16.82,"classes",90,"intermediate",0.5,2,7
"494","female",29,160.2,58.6,22.8,24,46,4,"proteins",2,9.3,"cardio",60,"intermediate",0.5,6,7
"495","male",19,174.2,96.2,31.7,22,48,5,"carbs",4,16.26,"classes",60,"intermediate",5,54,8
"496","female",41,161.7,57.1,21.8,26,42,5,"fats",3,21.29,"weights",60,"intermediate",5,24,8
"497","female",60,165.9,70.8,25.7,35,32,3,"fats",0,0,"classes",90,"expert",1,6,3
"498","female",54,164.2,61.9,23,30,40,3,"fats",1,10.02,"classes",120,"expert",1,144,3
"499","female",32,160,56.4,22,24,46,4,"carbs",2,16.82,"weights",90,"expert",5,53,6
"500","male",46,166.2,74.3,26.9,22,42,4,"fats",2,10.42,"classes",90,"beginner",0.5,3,6
"501","female",33,168.6,74.2,26.1,29,52,6,"proteins",5,24.48,"classes",90,"expert",0.5,5,8
"502","female",33,160,59.6,23.3,26,51,5,"fats",2,0,"weights",120,"intermediate",0.5,2,5
"503","female",64,164,54.8,20.4,29,25,3,"carbs",2,0,"cardio",60,"beginner",5,16,8
"504","male",17,174.3,NA,26.5,15,47,4,"fats",3,10.68,"classes",90,"intermediate",1,11,7
"505","male",35,167,86.1,30.9,24,45,6,"carbs",2,0,"classes",90,"expert",5,52,5
"506","female",27,161.4,59.1,22.7,23,45,5,"fats",3,18.44,"weights",120,"expert",5,46,7
"507","female",18,156.8,47.4,19.3,17,33,3,"proteins",3,9.36,"classes",120,"expert",1,10,6
"508","female",24,165.2,63.7,23.3,23,37,4,"fats",3,18.47,"cardio",60,"beginner",0.5,5,6
"509","male",30,169.3,75.8,26.4,18,48,4,"fats",3,18.96,"cardio",60,"expert",5,47,7
"510","female",26,159,67.8,26.8,28,49,4,"proteins",4,27.21,"cardio",60,"intermediate",5,48,7
"511","female",44,162.3,65.2,24.8,30,37,4,"fats",3,9.46,"weights",60,"expert",5,22,6
"512","female",21,167.1,70.7,25.3,25,30,3,"fats",2,0,"classes",60,"expert",0.5,6,6
"513","male",41,172.5,81.6,27.4,22,48,4,"proteins",1,11.81,"cardio",60,"expert",1,6,4
"514","male",46,167.8,86,30.5,26,43,5,"proteins",2,0,"classes",120,"intermediate",1,6,6
"515","male",21,166.8,82.8,29.8,20,44,5,"fats",4,12.41,"classes",60,"intermediate",0.5,1,8
"516","male",29,169.5,81.8,28.5,20,56,3,"carbs",2,13.61,"cardio",60,"beginner",5,51,5
"517","female",41,160.4,57.8,22.5,26,48,4,"proteins",1,4.87,"weights",60,"intermediate",1,10,4
"518","male",49,174.6,95.5,31.3,28,47,5,"proteins",0,0,"classes",60,"beginner",1,6,5
"519","female",34,162.7,66.1,25,28,45,5,"proteins",2,8.87,"classes",90,"beginner",0.5,5,7
"520","female",36,170.8,71.1,24.4,28,44,3,"proteins",2,17.21,"classes",90,"intermediate",5,22,5
"521","female",53,165.7,66.6,24.3,31,34,4,"fats",0,0,"classes",120,"expert",1,6,4
"522","female",32,159.5,53.3,21,23,49,4,"proteins",3,0,"weights",120,"beginner",1,12,7
"523","male",38,178.3,104.3,32.8,27,55,5,"proteins",1,7.68,"cardio",60,"expert",0.5,3,5
"524","female",26,166.9,67.3,24.2,25,46,4,"fats",3,0,"classes",60,"expert",5,39,7
"525","male",23,173.2,91.3,30.4,21,48,5,"proteins",3,8.19,"cardio",60,"expert",5,35,7
"526","female",31,163.9,64.2,23.9,26,54,4,"proteins",4,0,"weights",60,"beginner",5,12,8
"527","male",25,167.8,96.1,34.1,26,39,4,"fats",3,0,"classes",90,"beginner",0.5,3,8
"528","female",46,167.2,65.6,23.5,29,39,4,"proteins",1,3.1,"cardio",60,"intermediate",0.5,1,4
"529","male",25,175.8,90.9,29.4,20,45,7,"fats",2,15.22,"cardio",60,"beginner",1,12,5
"530","female",23,171,69.4,23.7,24,32,4,"fats",4,0,"weights",60,"expert",0.5,4,7
"531","female",22,153.8,58.2,24.6,25,31,2,"fats",2,5,"cardio",60,"beginner",5,19,7
"532","male",54,175.5,89.5,29.1,27,40,5,"proteins",2,0,"classes",60,"beginner",0.5,5,7
"533","female",27,157.7,46.5,18.7,19,51,6,"proteins",3,15.44,"classes",120,"expert",0.5,4,7
"534","male",25,170.5,74.7,25.7,16,42,5,"proteins",1,0,"classes",90,"intermediate",1,8,5
"535","female",30,160.2,59.6,23.2,25,49,4,"fats",1,14.45,"cardio",60,"intermediate",5,47,4
"536","female",26,167.4,63,22.5,23,39,4,"proteins",3,17.95,"classes",90,"beginner",5,42,8
"537","male",44,171,88.3,30.2,26,54,4,"carbs",2,16.55,"classes",90,"expert",0.5,5,6
"538","male",24,177.6,91.9,29.1,20,55,4,"carbs",2,10.79,"cardio",60,"expert",5,36,5
"539","male",37,165.7,66.6,24.3,17,49,5,"carbs",3,8.98,"weights",90,"expert",5,58,8
"540","female",36,166.1,65.3,23.7,27,49,5,"proteins",2,15.47,"classes",90,"beginner",5,43,8
"541","female",28,167,66,23.7,25,56,5,"carbs",3,16.52,"classes",60,"beginner",5,44,6
"542","female",32,165.4,66,24.1,26,55,6,"carbs",4,20.79,"classes",90,"beginner",0.5,4,8
"543","male",33,171.5,83.8,28.5,21,59,5,"proteins",2,6.57,"classes",120,"intermediate",1,10,7
"544","female",57,169.1,67.1,23.5,31,30,3,"fats",1,12.91,"classes",60,"expert",5,25,3
"545","female",37,166.6,67,24.1,27,48,4,"proteins",1,0,"classes",60,"expert",5,23,4
"546","female",35,171.3,75.4,25.7,29,48,4,"carbs",1,5.33,"classes",120,"intermediate",5,27,4
"547","female",60,162.3,61.1,23.2,32,35,4,"fats",2,9.91,"cardio",60,"beginner",0.5,5,8
"548","male",49,171,73.9,25.3,21,43,3,"proteins",1,5.73,"cardio",60,"expert",0.5,3,3
"549","male",32,177.5,104.1,33,26,57,7,"proteins",3,17.06,"classes",60,"beginner",5,40,5
"550","male",31,168.7,85.2,29.9,22,53,5,"fats",2,8.09,"cardio",60,"beginner",0.5,1,6
"551","female",54,164.8,58.3,21.5,28,41,5,"proteins",1,15.85,"classes",60,"beginner",1,9,5
"552","male",26,176.7,94.8,30.4,22,58,6,"fats",4,13.73,"weights",90,"expert",1,8,6
"553","male",17,172.1,91,30.7,20,41,3,"proteins",3,0,"weights",120,"intermediate",0.5,1,6
"554","female",36,159.5,52.4,20.6,23,44,4,"carbs",3,5.02,"classes",90,"expert",5,41,6
"555","male",25,171.3,90.7,30.9,22,57,5,"proteins",3,0,"classes",90,"expert",0.5,5,7
"556","male",31,171.7,92.2,31.3,24,60,5,"proteins",2,15.72,"classes",60,"expert",5,36,6
"557","female",31,165.2,67.3,24.7,27,47,5,"proteins",1,8.53,"weights",60,"expert",5,13,5
"558","female",21,157.7,59.3,23.8,23,49,6,"proteins",3,9.27,"classes",90,"expert",1,10,6
"559","female",30,160.4,56.6,22,23,40,5,"proteins",2,5.52,"cardio",60,"beginner",5,25,6
"560","male",26,171.1,76.8,26.2,17,41,4,"carbs",3,12.32,"classes",90,"expert",1,6,5
"561","male",29,171.1,84.2,28.8,20,40,4,"proteins",4,9.41,"classes",60,"intermediate",5,45,7
"562","female",25,160.7,56.5,21.9,22,37,3,"proteins",2,12.13,"classes",60,"expert",0.5,3,6
"563","female",27,169,62.7,22,23,52,5,"carbs",4,11.04,"classes",90,"expert",1,8,7
"564","male",25,170.7,71.1,24.4,14,45,7,"fats",4,16.54,"cardio",60,"expert",5,27,9
"565","male",42,169,80.4,28.2,23,49,7,"proteins",0,0,"classes",120,"expert",0.5,3,7
"566","female",37,170.3,65.7,22.7,26,46,5,"proteins",2,8.08,"cardio",60,"beginner",0.5,6,7
"567","male",23,168.3,73.7,26,16,53,7,"proteins",2,0,"cardio",60,"expert",5,44,8
"568","female",22,164.5,69.6,25.7,26,32,4,"fats",3,13.62,"classes",60,"beginner",5,24,6
"569","male",26,167.2,77.7,27.8,19,46,5,"carbs",3,17.48,"weights",60,"beginner",5,30,6
"570","male",41,176.3,91.4,29.4,24,48,4,"proteins",1,5.23,"cardio",60,"beginner",5,19,4
"571","female",25,166.7,68.3,24.6,25,45,5,"proteins",2,4.61,"weights",60,"expert",0.5,6,6
"572","female",26,158.1,62.6,25,26,41,5,"carbs",3,17.04,"classes",90,"expert",5,36,6
"573","female",24,167.1,64.4,23.1,23,46,5,"carbs",3,24.29,"weights",60,"expert",0.5,1,6
"574","female",32,159.9,56.4,22.1,24,45,3,"proteins",1,7.15,"cardio",60,"beginner",5,49,3
"575","female",51,167.2,64.1,22.9,29,41,5,"proteins",1,6.11,"cardio",60,"expert",5,41,5
"576","female",18,155.7,52.8,21.8,20,34,3,"proteins",4,13.27,"weights",60,"beginner",5,44,6
"577","female",27,167,60.8,21.8,22,49,4,"proteins",4,16.15,"classes",60,"expert",0.5,2,6
"578","male",38,170.6,78.6,27,20,51,4,"carbs",0,0,"cardio",60,"beginner",0.5,5,4
"579","male",28,171.9,87.3,29.5,21,44,5,"proteins",3,24.44,"classes",120,"beginner",5,14,6
"580","female",22,163.6,59.5,22.2,22,49,6,"carbs",4,19.8,"classes",90,"expert",0.5,1,8
"581","female",47,160.7,63.8,24.7,30,46,5,"proteins",0,0,"cardio",60,"expert",0.5,4,5
"582","female",62,164.2,62.4,23.1,32,34,4,"fats",2,13.38,"weights",60,"expert",0.5,2,7
"583","female",17,150,40.4,18,16,42,4,"proteins",3,0,"cardio",60,"expert",1,12,8
"584","male",27,174.2,89.5,29.5,21,53,6,"carbs",2,9.87,"classes",60,"expert",5,39,5
"585","female",40,158.6,54.6,21.7,25,40,4,"carbs",3,9.38,"cardio",60,"beginner",0.5,6,7
"586","female",29,162.1,58.5,22.3,23,52,5,"proteins",4,0,"cardio",60,"beginner",1,12,7
"587","female",21,165.8,73.1,26.6,27,41,3,"proteins",3,0,"cardio",60,"expert",5,18,7
"588","female",27,167.9,74.1,26.3,28,44,3,"proteins",4,16.33,"classes",60,"expert",1,8,8
"589","female",46,162.3,65.5,24.9,30,32,5,"fats",3,12.28,"cardio",60,"expert",5,55,9
"590","male",35,167.9,80.7,28.6,22,53,5,"fats",3,14.09,"cardio",60,"beginner",5,31,7
"591","female",26,173.1,73.7,24.6,26,36,4,"carbs",2,0,"classes",120,"beginner",5,32,5
"592","female",22,162.4,58.4,22.1,22,47,5,"carbs",3,17.25,"weights",90,"intermediate",5,57,7
"593","female",31,167,77.4,27.8,30,43,5,"carbs",3,0,"classes",90,"intermediate",5,17,7
"594","female",20,165.5,63.6,23.2,22,47,5,"fats",5,16.46,"weights",90,"intermediate",0.5,6,8
"595","male",44,178.8,95.1,29.7,25,52,4,"proteins",0,0,"classes",90,"beginner",5,46,4
"596","male",34,175.5,91.6,29.7,23,58,5,"carbs",3,20.08,"cardio",60,"intermediate",5,28,4
"597","female",26,159.4,64,25.2,26,55,4,"proteins",2,9.1,"classes",90,"expert",5,18,7
"598","female",20,156,52.3,21.5,20,34,4,"fats",2,7.38,"weights",90,"beginner",5,49,7
"599","female",50,163.8,60.7,22.6,29,39,5,"proteins",1,0,"cardio",60,"expert",1,10,5
"600","male",36,165.6,73.7,26.9,20,50,6,"fats",3,13.25,"classes",60,"expert",5,12,7
"601","male",48,165.9,89.9,32.7,29,44,3,"proteins",3,28.55,"classes",90,"expert",1,9,7
"602","female",61,155.8,42.9,17.7,25,31,4,"fats",2,0,"cardio",60,"beginner",5,47,6
"603","female",32,166.7,71,25.5,28,50,4,"carbs",2,4.8,"cardio",60,"expert",0.5,3,8
"604","male",35,170.7,85,29.2,22,46,6,"fats",1,5.2,"weights",120,"intermediate",5,28,6
"605","female",30,166.8,73.6,26.5,29,35,4,"fats",4,0,"classes",90,"expert",0.5,2,6
"606","female",47,156.9,61.6,25,31,44,4,"fats",2,14.72,"cardio",60,"beginner",0.5,5,6
"607","male",21,172.1,86.6,29.2,19,52,6,"proteins",3,9.64,"classes",90,"expert",0.5,1,6
"608","female",36,169.1,74,25.9,29,40,3,"proteins",4,0,"classes",60,"intermediate",1,7,7
"609","female",32,169.2,67.8,23.7,26,42,5,"fats",3,11.97,"weights",90,"intermediate",5,27,7
"610","male",29,174.2,93.9,30.9,23,60,5,"proteins",0,0,"classes",60,"intermediate",5,18,5
"611","female",32,161.5,69.2,26.5,29,50,6,"fats",1,8.37,"cardio",60,"beginner",5,28,6
"612","male",22,172,88.1,29.8,20,41,5,"proteins",2,7.79,"weights",60,"expert",5,56,9
"613","female",32,166,67.5,24.5,27,46,4,"fats",2,18.57,"classes",90,"beginner",0.5,1,7
"614","male",21,168.9,82.9,29.1,19,37,4,"carbs",2,21.36,"classes",60,"expert",0.5,3,5
"615","female",30,174.9,75.5,24.7,27,42,5,"carbs",1,6.9,"cardio",60,"beginner",5,60,5
"616","male",25,170.4,90.2,31.1,22,40,5,"proteins",6,29.44,"classes",60,"expert",1,6,8
"617","male",30,172.9,86.6,29,21,44,5,"fats",2,0,"classes",90,"expert",5,42,7
"618","male",24,167.6,86.1,30.7,22,55,4,"proteins",2,15.61,"classes",60,"expert",0.5,1,6
"619","female",25,164.2,65.9,24.4,25,45,5,"proteins",2,19.69,"weights",60,"expert",5,48,6
"620","female",32,162.5,53,20.1,21,44,5,"proteins",3,12.69,"classes",90,"expert",5,25,6
"621","female",27,164,75.4,28,30,34,4,"carbs",1,4.1,"weights",90,"intermediate",0.5,4,4
"622","female",45,157.5,50.6,20.4,25,43,6,"carbs",3,15.23,"weights",120,"expert",5,60,8
"623","female",28,158,54.4,21.8,23,45,4,"proteins",3,9.62,"classes",120,"beginner",5,48,6
"624","female",22,169.6,69,24,24,32,4,"proteins",4,17.83,"weights",90,"expert",0.5,1,7
"625","male",39,170.5,78.1,26.9,20,49,5,"proteins",1,0.97,"classes",60,"expert",0.5,3,5
"626","male",41,171.7,94.2,32,27,46,5,"proteins",4,19.15,"classes",60,"expert",5,25,8
"627","male",27,179.5,109,33.8,26,57,4,"carbs",5,17.57,"cardio",60,"expert",0.5,5,9
"628","female",44,160,56,21.9,26,38,5,"proteins",2,14.4,"weights",60,"expert",0.5,5,7
"629","female",35,166.3,65.9,23.8,27,40,4,"carbs",3,19.54,"weights",120,"expert",1,11,6
"630","female",20,164.9,57.6,21.2,20,34,4,"fats",3,11.32,"cardio",60,"beginner",0.5,4,7
"631","male",43,169.9,79.2,27.4,22,54,6,"proteins",3,0,"cardio",60,"expert",5,60,7
"632","female",20,159.8,54.6,21.4,20,39,4,"proteins",1,10.93,"cardio",60,"expert",1,9,4
"633","female",38,162,60.8,23.2,27,48,4,"proteins",4,19.73,"classes",90,"expert",0.5,4,6
"634","male",31,173.7,88.1,29.2,21,57,6,"carbs",3,23.81,"cardio",60,"expert",1,6,8
"635","male",19,168.4,92.2,32.5,23,43,4,"proteins",2,6.05,"weights",60,"intermediate",0.5,1,6
"636","male",19,175,97.6,31.9,22,33,5,"carbs",3,0,"cardio",60,"expert",0.5,4,7
"637","female",25,171,66.4,22.7,23,50,4,"proteins",3,13.86,"classes",60,"beginner",0.5,1,8
"638","male",22,178.7,107.2,33.6,25,48,6,"proteins",4,19.32,"classes",60,"intermediate",5,46,9
"639","female",37,165,67.6,24.8,28,40,4,"carbs",3,14.84,"cardio",60,"intermediate",5,18,7
"640","female",29,164,62.6,23.3,25,35,4,"proteins",1,3.71,"weights",60,"expert",0.5,2,4
"641","female",21,157,58.8,23.9,24,49,4,"proteins",3,15.6,"cardio",60,"intermediate",1,7,6
"642","male",16,179.1,113,35.2,25,40,3,"carbs",4,13.15,"cardio",60,"expert",0.5,4,7
"643","male",27,172,87.8,29.7,21,46,5,"proteins",2,7.26,"cardio",60,"beginner",0.5,4,6
"644","female",38,164.5,69.6,25.7,30,43,5,"carbs",5,17.32,"classes",60,"beginner",5,55,8
"645","female",28,170,72.3,25,26,50,5,"proteins",2,11.15,"weights",60,"expert",5,34,6
"646","female",30,168.5,68.3,24.1,26,54,7,"proteins",1,13.28,"weights",60,"expert",5,52,7
"647","female",27,165.9,71.4,25.9,27,52,4,"carbs",3,14.52,"cardio",60,"beginner",0.5,2,7
"648","male",36,184.4,108.9,32,26,45,5,"proteins",2,16.4,"cardio",60,"beginner",1,8,7
"649","female",45,160.9,61.8,23.9,29,38,2,"proteins",1,12.08,"cardio",60,"expert",1,10,2
"650","male",19,170,88.9,30.8,21,37,3,"proteins",4,14.78,"cardio",60,"intermediate",5,41,8
"651","female",36,165.2,71.3,26.1,30,44,3,"fats",1,11.44,"classes",60,"expert",5,24,3
"652","female",29,159.6,52,20.4,21,46,5,"proteins",4,0,"cardio",60,"expert",5,29,10
"653","male",32,177,98.2,31.3,24,52,6,"proteins",4,17.14,"cardio",60,"expert",5,50,8
"654","male",39,168.2,75.4,26.7,20,49,5,"fats",1,11.88,"cardio",60,"intermediate",1,8,5
"655","male",52,169.5,87.7,30.5,28,39,4,"fats",1,11.71,"classes",90,"expert",5,12,4
"656","male",21,169.6,92.5,32.2,23,37,4,"proteins",4,14.46,"cardio",60,"intermediate",1,11,8
"657","male",28,172.3,90.1,30.3,22,57,5,"carbs",2,18.28,"cardio",60,"intermediate",5,50,6
"658","female",34,163.7,61.3,22.9,25,52,5,"proteins",1,5.2,"classes",120,"beginner",5,56,5
"659","male",34,170.8,93.5,32.1,26,46,6,"proteins",0,0,"cardio",60,"intermediate",0.5,5,6
"660","female",34,158,61.7,24.7,27,49,5,"carbs",4,12.89,"cardio",60,"expert",5,52,6
"661","male",58,170.2,89.8,31,30,41,6,"proteins",2,5.21,"classes",60,"beginner",0.5,2,6
"662","male",51,171.2,78.9,26.9,23,41,3,"carbs",1,7.86,"weights",60,"beginner",5,53,3
"663","male",17,172.7,85.6,28.7,18,40,4,"proteins",4,16.46,"classes",120,"expert",1,7,8
"664","female",17,168.5,64.3,22.6,21,44,5,"carbs",3,0,"weights",120,"beginner",1,10,5
"665","female",31,156.1,49.6,20.4,22,42,6,"fats",2,9.16,"cardio",60,"expert",1,7,6
"666","male",46,169.4,79,27.5,6,67,5,"proteins",1,0.62,"classes",90,"beginner",5,34,5
"667","male",19,170.6,82.4,28.3,18,37,4,"carbs",3,14.85,"cardio",60,"intermediate",1,12,7
"668","female",21,162,62.5,23.8,23,31,3,"proteins",0,0,"classes",60,"expert",1,11,3
"669","male",36,167.3,85.1,30.4,24,54,6,"proteins",3,17.49,"classes",120,"expert",5,29,6
"670","female",32,163.7,62.7,23.4,25,44,5,"proteins",4,13.91,"cardio",60,"expert",0.5,6,6
"671","male",21,164.2,73.4,27.2,17,45,4,"proteins",1,7.12,"classes",120,"expert",5,56,4
"672","female",45,161.4,64.4,24.7,30,43,3,"proteins",2,8.44,"classes",90,"beginner",5,33,7
"673","male",45,176.4,103.3,33.2,29,51,5,"fats",1,15.89,"cardio",60,"expert",5,36,5
"674","male",28,167.5,75.9,27.1,18,54,5,"proteins",2,14.41,"classes",60,"expert",5,28,5
"675","male",30,171.1,80.4,27.5,19,46,2,"proteins",3,21.7,"cardio",60,"beginner",1,11,6
"676","male",26,165.7,82.7,30.1,21,49,5,"proteins",3,7.41,"classes",60,"expert",5,58,7
"677","female",20,164,66.3,24.7,24,26,4,"fats",4,0,"weights",120,"intermediate",0.5,6,7
"678","female",32,158.6,55.1,21.9,24,44,5,"fats",3,17.02,"cardio",60,"intermediate",5,15,6
"679","male",38,167.3,75.4,26.9,20,50,4,"carbs",2,9.56,"cardio",60,"beginner",1,6,6
"680","male",28,172.3,83.8,28.2,19,48,3,"fats",3,15.98,"weights",60,"expert",5,26,7
"681","male",46,167.9,73.5,26.1,21,47,4,"carbs",1,6.95,"cardio",60,"beginner",1,9,4
"682","female",35,157.6,51.3,20.7,23,51,5,"carbs",1,4.39,"weights",60,"beginner",0.5,6,5
"683","female",41,171,68,23.3,27,46,4,"fats",2,11.78,"cardio",60,"expert",0.5,2,6
"684","female",30,159,50.2,19.9,21,41,4,"proteins",3,11.68,"cardio",60,"intermediate",5,35,8
"685","female",37,163.1,60.1,22.6,26,50,5,"proteins",2,14.27,"weights",90,"beginner",5,52,8
"686","male",19,172.3,87.2,29.4,19,38,4,"fats",1,0,"classes",60,"intermediate",0.5,1,4
"687","female",43,167.4,70.9,25.3,30,37,4,"fats",2,12.16,"classes",90,"beginner",0.5,6,6
"688","female",37,168.2,69.4,24.5,28,50,5,"fats",0,0,"cardio",60,"expert",5,45,5
"689","male",40,175.4,93.6,30.4,25,45,5,"fats",3,16.08,"weights",90,"intermediate",0.5,5,8
"690","male",41,174.8,92.1,30.1,25,48,3,"carbs",1,0,"weights",60,"beginner",5,35,3
"691","female",29,160.8,53.3,20.6,21,52,4,"carbs",2,0,"classes",120,"beginner",1,11,7
"692","female",17,160.7,55.5,21.5,20,43,4,"fats",3,12.27,"cardio",60,"intermediate",5,47,5
"693","female",21,166.2,65.5,23.7,23,41,6,"fats",3,0,"classes",120,"expert",5,30,7
"694","male",30,169.2,78.2,27.3,19,41,4,"carbs",2,0,"classes",60,"expert",1,10,5
"695","male",21,176.8,95.1,30.4,21,35,3,"carbs",3,13.92,"classes",120,"intermediate",5,44,6
"696","male",19,167,77.4,27.8,17,46,5,"proteins",3,15.71,"cardio",60,"expert",0.5,6,5
"697","male",31,171.8,93.1,31.5,24,49,6,"proteins",2,8.84,"cardio",60,"expert",1,12,5
"698","male",25,171.1,87.6,29.9,21,42,6,"proteins",2,13.92,"classes",60,"beginner",5,45,6
"699","female",34,159.3,61.7,24.3,27,51,5,"carbs",1,8.93,"weights",120,"expert",1,8,5
"700","female",40,164.2,67.1,24.9,29,42,6,"proteins",2,18.6,"cardio",60,"intermediate",1,6,7
"701","female",40,170.3,71.5,24.7,29,48,4,"proteins",3,13.32,"classes",90,"expert",1,7,7
"702","male",33,170.4,81.1,27.9,20,50,5,"proteins",2,0,"cardio",60,"expert",5,29,7
"703","female",44,161.3,55.4,21.3,26,46,4,"proteins",3,0,"cardio",60,"beginner",5,59,6
"704","female",41,165.3,57.3,21,25,40,4,"proteins",2,19.8,"classes",90,"expert",0.5,5,4
"705","male",46,165.2,72.9,26.7,22,42,6,"proteins",0,0,"weights",60,"beginner",5,20,6
"706","male",52,175.3,94.7,30.8,28,49,3,"carbs",1,5.72,"cardio",60,"beginner",1,12,3
"707","male",33,169.7,88.6,30.8,24,47,5,"carbs",3,14.34,"cardio",60,"expert",5,30,6
"708","female",20,162.2,60.5,23,22,30,4,"fats",4,0,"cardio",60,"expert",5,50,7
"709","male",16,171.7,94.5,32.1,21,39,4,"proteins",3,12.16,"cardio",60,"expert",1,7,6
"710","male",27,176,103,33.3,25,55,5,"fats",4,16.93,"classes",60,"intermediate",5,28,6
"711","male",28,174.9,95.3,31.2,23,45,5,"proteins",2,16.48,"cardio",60,"expert",0.5,4,7
"712","male",29,178.1,111.2,35.1,28,56,4,"carbs",3,17.88,"classes",90,"expert",5,49,6
"713","female",37,169.4,68.4,23.8,27,48,4,"proteins",2,14.62,"weights",120,"beginner",5,26,6
"714","female",67,159.3,58.7,23.1,33,29,5,"proteins",1,-3.13,"weights",90,"expert",5,60,5
"715","female",49,161.4,61.5,23.6,30,39,4,"fats",0,0,"classes",60,"expert",5,23,4
"716","female",36,161.4,64.8,24.9,28,41,4,"carbs",2,10.87,"classes",120,"expert",1,9,7
"717","male",39,179.2,106.4,33.1,28,45,4,"carbs",5,21.71,"classes",90,"expert",5,17,8
"718","female",31,166.9,66.8,24,26,55,5,"fats",2,10.04,"cardio",60,"expert",0.5,6,5
"719","female",19,173,73.3,24.5,24,45,5,"carbs",3,7.94,"classes",60,"intermediate",0.5,5,6
"720","male",56,176.3,105.3,33.9,33,40,4,"proteins",0,0,"classes",90,"intermediate",1,10,4
"721","female",26,164.4,47.1,17.4,17,44,6,"proteins",2,3.54,"cardio",60,"beginner",5,27,6
"722","female",42,162.3,63.6,24.1,29,47,4,"proteins",1,11.08,"cardio",60,"beginner",5,34,4
"723","female",40,158.2,49.8,19.9,23,41,2,"proteins",3,14.52,"classes",60,"intermediate",5,28,5
"724","male",19,174.7,75.8,24.8,13,33,3,"proteins",2,16.83,"classes",120,"expert",0.5,3,6
"725","male",30,172.3,87.2,29.4,21,55,6,"proteins",2,11.09,"cardio",60,"expert",5,14,9
"726","female",38,160.9,59.9,23.1,26,39,5,"proteins",2,15.44,"cardio",60,"beginner",5,50,6
"727","male",39,171.6,89.3,30.3,25,47,6,"proteins",1,9.08,"classes",90,"intermediate",5,56,6
"728","female",25,164.3,60.8,22.5,23,41,4,"fats",0,0,"classes",120,"beginner",1,12,4
"729","female",71,164.8,71.2,26.2,38,30,5,"proteins",1,7.53,"classes",120,"expert",5,28,5
"730","male",25,173.8,100.6,33.3,25,38,3,"carbs",3,0,"weights",60,"expert",5,15,6
"731","female",22,162.6,64.5,24.4,24,31,5,"fats",3,16.1,"cardio",60,"expert",5,19,7
"732","male",20,173.2,85.9,28.6,18,35,3,"proteins",2,10.76,"classes",60,"beginner",0.5,4,6
"733","female",18,160.2,68.3,26.6,26,34,4,"fats",4,17.27,"classes",60,"beginner",5,12,7
"734","female",40,160.2,63.6,24.8,29,41,5,"proteins",2,7.69,"cardio",60,"beginner",1,11,6
"735","female",19,162.6,56,21.2,20,46,3,"carbs",4,24.87,"classes",120,"expert",0.5,4,7
"736","male",20,166,70.9,25.7,15,33,5,"carbs",2,0,"classes",90,"beginner",5,47,5
"737","male",44,164.5,70.4,26,21,44,5,"proteins",1,2.62,"cardio",60,"beginner",5,39,5
"738","male",39,174.9,89.7,29.3,23,49,5,"proteins",2,7.04,"cardio",60,"expert",0.5,4,7
"739","female",54,171.1,70.7,24.2,31,30,5,"proteins",1,15.42,"cardio",60,"expert",5,57,5
"740","male",41,168.1,80.1,28.3,23,42,4,"proteins",3,22.48,"cardio",60,"expert",1,12,7
"741","male",31,169.3,81.2,28.3,20,58,7,"proteins",4,0,"classes",120,"expert",5,22,9
"742","female",39,164,63.6,23.6,27,50,6,"fats",4,0,"classes",90,"intermediate",0.5,3,7
"743","female",19,167,69.4,24.9,24,31,2,"fats",2,4.28,"classes",90,"intermediate",5,60,8
"744","male",34,174.2,92.9,30.6,24,57,5,"proteins",0,0,"classes",90,"expert",1,12,5
"745","female",35,160.3,61.1,23.8,27,53,4,"proteins",1,11.19,"classes",60,"expert",1,6,4
"746","female",46,165.5,62.9,23,28,36,4,"fats",1,2.22,"cardio",60,"intermediate",0.5,6,4
"747","male",31,170.1,91.8,31.7,24,52,5,"carbs",3,8.15,"cardio",60,"intermediate",1,10,6
"748","male",34,176.2,96.2,31,24,46,6,"proteins",3,20.57,"cardio",60,"expert",5,56,8
"749","male",20,170,95.2,32.9,23,41,4,"proteins",5,21.31,"classes",60,"intermediate",5,34,11
"750","female",41,158.4,52,20.7,24,45,6,"carbs",2,15.86,"weights",120,"intermediate",5,22,8
"751","female",18,167.4,62.4,22.3,21,25,4,"proteins",3,21.22,"cardio",60,"expert",5,42,7
"752","male",35,174.6,87.1,28.6,22,51,5,"proteins",3,0,"classes",90,"expert",0.5,4,7
"753","male",39,173.4,89.6,29.8,24,53,5,"fats",4,0,"cardio",60,"expert",1,9,6
"754","male",61,174.6,100.9,33.1,33,43,5,"proteins",1,-1.46,"classes",60,"beginner",1,11,5
"755","female",49,163.3,65.5,24.6,31,36,4,"proteins",3,12.81,"classes",120,"intermediate",5,49,9
"756","male",52,165,75.1,27.6,24,38,4,"fats",3,18.36,"cardio",60,"expert",0.5,4,8
"757","male",18,167.1,81.5,29.2,18,39,5,"fats",4,18.27,"classes",120,"beginner",0.5,6,7
"758","female",27,163.7,61.6,23,24,40,4,"proteins",3,15.68,"classes",90,"expert",0.5,1,7
"759","female",24,162.9,66.8,25.2,26,53,7,"proteins",2,2.14,"weights",60,"expert",0.5,1,5
"760","male",21,170.9,97.8,33.5,24,54,4,"proteins",2,7.06,"classes",60,"beginner",1,10,8
"761","female",45,155.6,55.2,22.8,28,39,4,"proteins",1,14.82,"classes",120,"intermediate",1,9,4
"762","female",32,172.8,67.6,22.6,24,49,3,"proteins",3,19.37,"cardio",60,"expert",5,58,6
"763","female",57,160.3,56.9,22.1,30,28,3,"proteins",2,0,"classes",90,"beginner",0.5,5,6
"764","male",26,171.8,86.5,29.3,20,43,5,"carbs",4,19.24,"classes",60,"beginner",5,21,7
"765","female",22,161.8,70.4,26.9,27,34,3,"proteins",3,13.37,"classes",60,"intermediate",0.5,2,7
"766","male",29,171.9,94.8,32.1,24,45,4,"fats",5,17.98,"classes",60,"expert",1,11,9
"767","male",53,160.9,76.6,29.6,27,38,4,"carbs",1,5.77,"classes",90,"expert",0.5,5,4
"768","male",43,176.1,92.4,29.8,25,50,5,"proteins",2,11.2,"classes",90,"expert",0.5,5,7
"769","female",29,162.8,70.2,26.5,28,38,5,"proteins",3,19.06,"weights",90,"expert",5,57,7
"770","male",35,171.6,94,31.9,26,54,5,"carbs",1,0.04,"cardio",60,"beginner",5,45,5
"771","female",38,166.2,65,23.5,27,50,5,"proteins",3,14.56,"classes",90,"beginner",5,47,5
"772","female",21,162.5,54.2,20.5,19,34,3,"proteins",4,17.64,"classes",90,"beginner",5,29,6
"773","male",25,163.8,74.5,27.8,18,41,4,"proteins",4,0,"cardio",60,"intermediate",0.5,2,8
"774","female",37,164.9,61.7,22.7,26,48,7,"proteins",1,0,"cardio",60,"intermediate",0.5,5,7
"775","female",47,166.4,68.4,24.7,30,38,4,"fats",3,17.49,"cardio",60,"expert",5,24,6
"776","male",40,170.2,85.7,29.6,24,55,5,"carbs",3,0,"classes",120,"intermediate",0.5,1,8
"777","male",49,176,97.1,31.3,28,42,6,"fats",1,8.66,"classes",120,"beginner",5,32,6
"778","female",40,167.1,69.3,24.8,29,39,4,"carbs",1,14.87,"classes",60,"expert",0.5,4,4
"779","male",25,177.6,98.4,31.2,22,37,4,"proteins",2,8.94,"weights",90,"intermediate",1,8,6
"780","male",56,167.9,78.7,27.9,26,35,3,"fats",1,0,"cardio",60,"beginner",5,13,3
"781","female",21,164.7,62.7,23.1,23,50,5,"proteins",4,16.53,"weights",90,"expert",5,39,8
"782","female",22,163,65.4,24.6,25,51,5,"carbs",2,13.64,"cardio",60,"beginner",5,30,5
"783","male",37,168.7,71.1,25,18,49,4,"proteins",1,14.81,"cardio",60,"beginner",0.5,3,4
"784","female",25,172.4,75.2,25.3,26,48,3,"proteins",2,10.07,"classes",90,"intermediate",0.5,5,8
"785","female",52,168.2,66.5,23.5,30,40,5,"carbs",3,10.57,"classes",90,"intermediate",1,6,5
"786","male",30,171.8,74.9,25.4,17,44,3,"proteins",2,18.21,"classes",90,"expert",5,38,5
"787","female",40,165.3,67,24.5,29,40,3,"fats",1,0,"classes",120,"expert",5,59,3
"788","female",19,159.9,55.7,21.8,21,36,3,"proteins",2,13.02,"classes",60,"expert",0.5,2,6
"789","female",21,169.5,72,25.1,25,39,3,"fats",4,19.79,"weights",120,"intermediate",0.5,3,7
"790","male",33,170.5,88.2,30.3,23,47,6,"proteins",3,17.91,"classes",90,"expert",5,29,6
"791","female",33,158,62.1,24.9,27,46,5,"proteins",3,13.14,"classes",120,"beginner",1,8,7
"792","female",16,155.6,48.3,19.9,18,30,3,"proteins",3,10.48,"classes",120,"expert",5,28,7
"793","male",56,173.8,98.5,32.6,31,38,5,"proteins",1,8.03,"cardio",60,"beginner",5,50,5
"794","female",30,156.3,57.3,23.5,25,44,5,"proteins",3,16.11,"cardio",60,"expert",5,23,7
"795","male",40,172.7,89.3,29.9,24,53,5,"proteins",1,8.54,"classes",90,"intermediate",0.5,5,5
"796","female",38,161.1,55.4,21.3,24,44,3,"proteins",1,0,"cardio",60,"expert",5,12,3
"797","male",39,172,95.7,32.3,27,46,4,"proteins",2,10.05,"cardio",60,"intermediate",5,34,6
"798","male",27,166.1,72.1,26.1,17,50,5,"fats",5,20.55,"classes",120,"expert",5,56,8
"799","male",34,177.3,89.9,28.6,21,50,4,"fats",1,2.79,"weights",60,"intermediate",5,19,4
"800","male",30,162.1,71.9,27.4,19,62,5,"proteins",3,8.67,"cardio",60,"beginner",1,11,6
"801","female",27,165.2,64.7,23.7,25,33,4,"carbs",4,17.28,"cardio",60,"beginner",5,59,7
"802","female",20,160,60.3,23.6,23,41,4,"carbs",2,4.88,"classes",60,"intermediate",5,12,7
"803","female",17,163,66.7,25.1,24,48,6,"carbs",2,0,"cardio",60,"intermediate",1,12,7
"804","female",31,165,67.9,24.9,27,49,3,"proteins",2,12.8,"cardio",60,"expert",0.5,3,6
"805","male",25,172.6,91.9,30.8,22,38,4,"proteins",0,0,"weights",60,"expert",0.5,1,4
"806","female",29,167,55,19.7,20,34,3,"carbs",2,10.65,"weights",60,"expert",5,29,6
"807","female",33,165.9,58.6,21.3,23,54,5,"fats",1,6.48,"cardio",60,"beginner",1,8,5
"808","female",43,165.3,71.4,26.1,31,37,4,"proteins",2,9.84,"cardio",60,"expert",5,35,5
"809","female",29,161.8,56.5,21.6,23,45,4,"proteins",2,5.79,"classes",120,"beginner",5,42,8
"810","female",28,163.4,70.5,26.4,28,43,5,"proteins",2,11.94,"classes",60,"beginner",0.5,1,5
"811","female",41,164.2,64.1,23.8,28,44,4,"proteins",2,12.11,"cardio",60,"expert",5,14,7
"812","female",55,161.4,57.5,22.1,29,37,4,"proteins",1,12.97,"weights",60,"intermediate",5,55,4
"813","male",31,170.9,76.9,26.3,18,56,7,"fats",3,22.03,"classes",90,"beginner",5,31,7
"814","male",18,175.8,92.8,30,19,46,6,"proteins",5,17.17,"cardio",60,"beginner",1,10,7
"815","male",26,164.3,75.4,27.9,19,46,7,"proteins",2,9.28,"cardio",60,"expert",5,32,7
"816","female",29,162.7,52.6,19.9,21,58,6,"proteins",3,12.4,"cardio",60,"beginner",0.5,2,6
"817","female",54,172.5,67.4,22.7,30,40,3,"proteins",2,7.64,"classes",90,"intermediate",5,42,5
"818","male",39,166.6,82.1,29.6,24,54,5,"proteins",2,9.96,"cardio",60,"beginner",5,43,7
"819","male",33,175.1,92.4,30.1,23,58,4,"proteins",2,7.23,"classes",60,"intermediate",5,35,6
"820","male",25,172.2,82.1,27.7,18,43,3,"proteins",4,16.73,"cardio",60,"beginner",5,45,6
"821","female",27,167.8,69.2,24.6,26,49,5,"carbs",5,0,"cardio",60,"expert",5,25,7
"822","female",26,164.2,67.2,24.9,26,37,4,"proteins",4,17.48,"classes",60,"expert",1,12,8
"823","female",20,168,64.1,22.7,22,37,3,"proteins",3,18.07,"classes",120,"expert",5,17,5
"824","female",16,165.8,60.2,21.9,20,33,3,"proteins",2,14.57,"cardio",60,"expert",0.5,2,9
"825","male",41,179.4,103.6,32.2,27,46,4,"proteins",1,13.44,"weights",120,"intermediate",0.5,1,4
"826","male",46,171.3,84.2,28.7,24,44,6,"fats",2,13.71,"weights",120,"beginner",5,14,7
"827","male",30,170.7,79.4,27.2,19,41,7,"proteins",4,14.54,"cardio",60,"beginner",0.5,1,7
"828","female",29,164,66.2,24.6,26,39,4,"carbs",1,6.13,"weights",90,"beginner",5,20,4
"829","female",17,161.5,56.2,21.5,20,28,4,"fats",4,10.03,"cardio",60,"beginner",5,57,8
"830","female",21,156.8,57.6,23.4,23,43,4,"carbs",1,3.43,"classes",60,"beginner",5,60,4
"831","female",45,165.2,63.5,23.3,28,39,4,"proteins",3,21.21,"cardio",60,"intermediate",0.5,4,8
"832","female",38,161.4,61.4,23.6,27,45,4,"proteins",2,13.38,"weights",120,"expert",1,11,5
"833","female",58,157.9,48.5,19.5,27,40,3,"fats",2,14.28,"cardio",60,"expert",0.5,5,7
"834","male",23,166.3,76.6,27.7,18,50,5,"proteins",3,20.66,"weights",120,"expert",5,38,6
"835","male",19,174.3,96.5,31.8,22,32,4,"fats",1,4.67,"cardio",60,"expert",0.5,3,4
"836","female",50,161.3,67.3,25.9,33,39,4,"carbs",1,2.39,"weights",60,"intermediate",5,30,4
"837","female",31,158.8,54.7,21.7,23,46,5,"carbs",4,0,"cardio",60,"intermediate",0.5,6,7
"838","female",41,160.6,60,23.3,27,39,4,"carbs",3,17.42,"weights",60,"expert",5,26,5
"839","male",39,165.2,84.2,30.9,25,47,4,"carbs",2,12.49,"cardio",60,"expert",5,15,5
"840","female",20,168.9,73.9,25.9,26,39,3,"proteins",4,16.92,"weights",90,"expert",5,52,7
"841","female",37,163.4,68.3,25.6,29,40,5,"carbs",1,16.82,"weights",90,"expert",0.5,6,5
"842","female",30,165.8,70.2,25.5,28,52,4,"proteins",2,11.33,"classes",60,"beginner",5,20,8
"843","male",24,172.1,90.3,30.5,21,50,6,"carbs",4,20.97,"weights",60,"intermediate",0.5,5,8
"844","male",16,163.9,71.5,26.6,15,30,4,"proteins",3,15.15,"cardio",60,"expert",0.5,4,6
"845","male",28,175,94.1,30.7,22,39,3,"carbs",3,13.66,"classes",90,"intermediate",5,56,6
"846","female",21,158.5,51.9,20.7,20,50,5,"proteins",3,0,"cardio",60,"expert",5,41,7
"847","female",33,161.4,70.9,27.2,30,47,7,"proteins",1,12.47,"cardio",60,"beginner",0.5,5,7
"848","male",18,170.8,82.4,28.2,17,31,2,"carbs",5,24.73,"classes",60,"expert",5,28,6
"849","female",34,154.8,42.8,17.9,19,42,5,"carbs",2,16.37,"classes",60,"expert",5,33,5
"850","male",21,175.8,89.6,29,19,40,3,"fats",3,16.29,"weights",120,"expert",0.5,1,6
"851","male",18,177.2,95.1,30.3,20,36,6,"proteins",2,18.04,"classes",60,"expert",1,12,7
"852","female",21,153.8,62.4,26.4,27,38,4,"proteins",3,14.71,"classes",60,"expert",0.5,2,7
"853","male",19,167.6,77.9,27.7,17,44,3,"proteins",5,20.53,"classes",90,"expert",0.5,4,9
"854","male",22,171.8,87.3,29.6,20,45,5,"proteins",3,7.57,"weights",120,"expert",1,11,6
"855","male",18,166,69.2,25.1,13,37,4,"carbs",4,13.91,"cardio",60,"expert",5,17,8
"856","male",38,176.4,91.5,29.4,23,45,5,"carbs",1,8.05,"weights",60,"beginner",5,33,5
"857","female",33,167.3,75.7,27,30,44,2,"fats",2,15.05,"cardio",60,"intermediate",1,10,7
"858","male",30,168.7,78.5,27.6,19,42,3,"proteins",3,14.55,"cardio",60,"expert",5,42,5
"859","female",32,155.2,62.6,26,29,52,3,"carbs",3,25.86,"cardio",60,"expert",5,30,6
"860","male",27,168.7,80.6,28.3,19,46,5,"proteins",3,18.01,"classes",90,"expert",1,11,6
"861","male",31,166.6,83.8,30.2,23,48,5,"proteins",2,0,"classes",90,"expert",0.5,1,8
"862","female",64,170.6,72.1,24.8,34,34,3,"proteins",2,0,"cardio",60,"beginner",1,8,7
"863","male",39,170,74.9,25.9,19,43,4,"proteins",3,9.89,"classes",120,"beginner",5,37,8
"864","male",27,176.7,100.6,32.2,24,45,3,"fats",3,0,"cardio",60,"beginner",5,21,7
"865","female",19,163.5,68.8,25.7,25,33,4,"proteins",4,18.03,"classes",90,"expert",5,17,8
"866","female",31,169.3,67,23.4,25,43,5,"carbs",1,0,"weights",90,"expert",0.5,6,5
"867","female",35,158.5,61.7,24.6,28,41,4,"proteins",2,17.89,"classes",90,"expert",0.5,4,7
"868","male",45,173.9,88.5,29.3,25,43,4,"proteins",2,0,"cardio",60,"beginner",0.5,2,7
"869","male",27,182.7,90.8,27.2,18,56,6,"fats",3,13.94,"cardio",60,"expert",5,53,7
"870","male",23,171.4,94.3,32.1,23,35,4,"proteins",3,20.8,"cardio",60,"expert",0.5,5,7
"871","female",21,170.1,75.2,26,26,35,5,"carbs",3,15.65,"classes",90,"expert",0.5,3,9
"872","female",42,164.4,67.6,25,30,42,5,"proteins",3,10.77,"weights",90,"expert",5,49,7
"873","female",27,166.1,65.5,23.7,25,42,6,"proteins",3,21.13,"classes",120,"intermediate",5,58,7
"874","male",22,168.3,89.6,31.6,22,49,4,"carbs",4,17.34,"classes",60,"expert",5,42,8
"875","male",40,170.2,83.6,28.9,23,55,6,"proteins",1,11.79,"classes",90,"intermediate",0.5,3,6
"876","male",36,172.3,89,30,23,48,5,"carbs",3,15.35,"cardio",60,"expert",5,49,7
"877","male",20,164.4,73,27,16,44,4,"proteins",2,10.68,"cardio",60,"intermediate",5,57,7
"878","female",31,166.3,72.2,26.1,28,49,3,"proteins",1,13.12,"classes",120,"intermediate",5,29,3
"879","male",42,166.9,75.9,27.2,21,45,4,"carbs",0,0,"cardio",60,"beginner",5,41,4
"880","female",40,153.3,55.8,23.7,28,42,4,"proteins",2,7.3,"classes",60,"beginner",5,27,6
"881","female",21,163.7,66.9,25,25,40,6,"proteins",1,1.32,"weights",90,"beginner",5,57,6
"882","female",35,161.3,61.2,23.5,26,46,5,"proteins",2,8.72,"classes",120,"expert",5,57,6
"883","male",53,174.9,91.9,30,27,36,4,"fats",2,0,"cardio",60,"intermediate",5,39,5
"884","female",33,167.3,70.4,25.2,28,50,4,"carbs",3,18.78,"weights",90,"expert",0.5,6,5
"885","male",22,165.8,79.8,29,19,34,4,"proteins",3,9.46,"cardio",60,"expert",0.5,6,8
"886","male",32,162.6,70.9,26.8,19,56,5,"carbs",2,19.62,"classes",90,"expert",0.5,1,6
"887","male",39,169.5,89.5,31.2,26,49,5,"proteins",2,13.1,"cardio",60,"beginner",5,37,7
"888","female",34,165,61.3,22.5,25,48,5,"fats",1,8.67,"classes",60,"expert",5,60,5
"889","male",30,170.9,87.6,30,22,59,5,"fats",3,0,"cardio",60,"intermediate",5,33,7
"890","female",23,159.4,54.4,21.4,21,42,5,"proteins",4,16.99,"classes",60,"expert",5,36,8
"891","male",27,167,70.7,25.4,16,45,5,"proteins",4,24,"classes",90,"beginner",1,10,7
"892","female",32,161.5,60.2,23.1,25,41,4,"carbs",1,4.23,"weights",90,"expert",1,9,4
"893","male",20,165.9,80.9,29.4,19,52,5,"proteins",3,16.58,"classes",90,"intermediate",0.5,3,6
"894","male",43,169.1,85.4,29.9,25,42,5,"fats",1,11.09,"cardio",60,"beginner",0.5,6,5
"895","male",42,171.9,86,29.1,24,53,5,"carbs",1,13.25,"cardio",60,"expert",1,6,5
"896","female",60,155.4,45.1,18.7,26,39,5,"proteins",1,0,"classes",90,"expert",1,8,5
"897","male",23,162.4,80.6,30.6,21,54,5,"proteins",3,11.84,"cardio",60,"expert",5,17,8
"898","male",49,170.2,97.1,33.5,31,42,4,"proteins",2,0,"weights",60,"beginner",0.5,5,7
"899","female",30,157.5,63.2,25.5,28,45,4,"proteins",3,0,"classes",60,"beginner",5,37,9
"900","female",20,168.3,64.4,22.7,22,37,4,"fats",4,0,"classes",120,"expert",0.5,6,7
"901","male",29,174,95.3,31.5,24,51,5,"proteins",2,15.06,"weights",90,"expert",5,23,5
"902","male",42,170.9,95.8,32.8,28,54,6,"carbs",2,13.21,"cardio",60,"expert",1,6,6
"903","female",16,162.5,71.8,27.2,26,30,4,"carbs",4,22.65,"classes",120,"intermediate",0.5,6,7
"904","male",32,167.2,88.3,31.6,24,55,5,"carbs",0,0,"classes",60,"expert",5,19,5
"905","male",43,169.6,86.5,30.1,25,54,7,"proteins",2,10.73,"classes",120,"expert",1,7,6
"906","male",21,171.2,86.2,29.4,19,35,3,"proteins",2,14.13,"classes",60,"expert",5,41,6
"907","female",26,163.3,67.1,25.2,26,38,5,"proteins",1,9.03,"cardio",60,"beginner",5,17,5
"908","male",37,171.5,95.9,32.6,27,47,6,"proteins",3,0,"cardio",60,"expert",0.5,3,6
"909","male",35,171.8,89.2,30.2,23,47,4,"fats",2,9.38,"cardio",60,"beginner",5,57,6
"910","female",50,163.5,60.4,22.6,29,42,3,"carbs",1,10.11,"cardio",60,"beginner",5,49,3
"911","male",30,172.2,94.8,32,24,47,3,"carbs",4,0,"classes",60,"intermediate",5,23,7
"912","male",31,174.3,98.4,32.4,25,50,6,"proteins",0,0,"cardio",60,"beginner",5,24,6
"913","female",33,171.1,73.3,25,28,52,5,"proteins",1,-3.75,"cardio",60,"expert",0.5,6,5
"914","male",20,172,97.9,33.1,24,43,3,"proteins",5,0,"classes",90,"beginner",0.5,3,9
"915","female",22,163.5,57.4,21.5,21,33,4,"carbs",3,14.39,"classes",60,"expert",0.5,3,5
"916","male",46,168.3,78.1,27.6,23,48,4,"proteins",2,15.15,"cardio",60,"expert",5,22,6
"917","female",46,157.6,62.9,25.3,31,42,4,"proteins",3,0,"cardio",60,"expert",1,9,8
"918","female",45,161.2,65.6,25.2,31,41,4,"carbs",2,12.21,"classes",120,"expert",1,8,6
"919","female",41,173.9,72.7,24,28,35,4,"fats",2,15.6,"classes",60,"beginner",0.5,2,5
"920","female",54,165.3,61.8,22.6,30,44,6,"proteins",2,13.33,"classes",90,"expert",5,22,5
"921","female",27,176.2,71.9,23.2,24,51,6,"proteins",4,16.54,"classes",60,"expert",0.5,5,7
"922","male",61,175.6,99.8,32.4,32,44,6,"carbs",2,0,"cardio",60,"intermediate",0.5,5,6
"923","female",20,167.7,72.7,25.9,26,43,4,"proteins",3,8.28,"weights",120,"expert",5,36,6
"924","female",27,166.3,69,24.9,26,49,2,"proteins",3,19.16,"classes",120,"expert",1,6,6
"925","female",31,159.9,60.7,23.7,26,45,5,"fats",3,0,"classes",90,"expert",0.5,2,6
"926","female",26,162.1,75.4,28.7,30,51,4,"fats",2,5.98,"classes",90,"beginner",5,31,6
"927","female",33,166.9,70.8,25.4,28,44,6,"fats",3,16.34,"classes",60,"intermediate",5,59,7
"928","female",37,154.2,45.1,19,21,50,2,"proteins",3,10.28,"classes",90,"beginner",1,6,7
"929","female",32,159.6,55,21.6,23,51,5,"proteins",2,1.63,"cardio",60,"beginner",0.5,4,7
"930","male",30,169.4,88,30.7,23,44,6,"carbs",4,0,"cardio",60,"expert",0.5,1,7
"931","male",23,170.6,84.2,28.9,19,48,5,"carbs",2,14.54,"weights",60,"beginner",5,51,6
"932","female",33,168.8,58.1,20.4,22,47,3,"fats",2,6.01,"cardio",60,"beginner",5,41,7
"933","female",36,163.4,66.9,25.1,28,49,5,"proteins",3,5.35,"cardio",60,"expert",5,51,6
"934","female",28,168.3,67.2,23.7,25,55,5,"proteins",3,12.05,"weights",120,"beginner",5,27,6
"935","female",44,161.9,59.8,22.8,27,46,6,"carbs",3,9.2,"weights",90,"expert",0.5,4,8
"936","male",66,169.9,82.3,28.5,29,35,4,"carbs",0,0,"classes",90,"beginner",1,8,4
"937","female",20,157.9,55.1,22.1,21,35,4,"proteins",4,0,"weights",120,"expert",5,24,7
"938","male",20,172.3,85.5,28.8,18,45,4,"proteins",3,26.18,"cardio",60,"expert",0.5,5,6
"939","male",34,167.5,70.8,25.2,17,51,5,"carbs",3,0,"weights",120,"expert",5,58,6
"940","female",25,162.1,69.7,26.5,28,51,5,"carbs",4,14.33,"cardio",60,"expert",5,32,6
"941","male",16,169.4,80.2,27.9,16,33,5,"proteins",3,13.07,"classes",90,"intermediate",0.5,6,8
"942","female",18,175.6,66.8,21.7,20,42,5,"carbs",5,23.41,"cardio",60,"beginner",0.5,5,10
"943","male",48,171.9,92.4,31.3,28,43,4,"proteins",2,0,"cardio",60,"beginner",1,8,6
"944","female",38,161.7,66.5,25.4,29,37,4,"carbs",4,0,"cardio",60,"intermediate",5,14,8
"945","male",35,174.3,92.6,30.5,24,48,6,"proteins",2,16.25,"cardio",60,"expert",5,36,7
"946","female",17,158.7,58.7,23.3,22,40,3,"carbs",3,16.1,"weights",60,"expert",5,47,6
"947","female",21,162.4,56.8,21.5,21,31,4,"fats",3,21.38,"cardio",60,"intermediate",0.5,2,8
"948","male",35,172,91.9,31.1,25,50,5,"proteins",2,12.63,"cardio",60,"expert",0.5,6,6
"949","female",26,163.4,66.8,25,26,45,5,"carbs",2,15.69,"classes",60,"intermediate",5,13,7
"950","female",23,153,54.1,23.1,23,40,2,"proteins",3,12.23,"cardio",60,"intermediate",0.5,1,7
"951","male",21,169.4,85.8,29.9,20,39,5,"proteins",2,13.34,"classes",60,"expert",0.5,6,6
"952","female",26,168.6,69.3,24.4,25,45,4,"proteins",3,22.66,"cardio",60,"intermediate",1,6,8
"953","female",24,164.1,49.9,18.5,18,46,6,"fats",3,20.61,"classes",90,"beginner",1,11,6
"954","male",49,167.1,84.7,30.3,27,49,6,"proteins",2,11.96,"classes",120,"expert",1,10,6
"955","female",24,157.7,55.2,22.2,22,31,6,"proteins",3,5.6,"classes",60,"intermediate",5,56,6
"956","female",49,165,62.6,23,29,42,4,"fats",1,5.48,"classes",90,"beginner",5,49,4
"957","male",37,168.4,73.4,25.9,19,50,5,"carbs",2,11.88,"classes",120,"expert",0.5,6,5
"958","female",39,164.9,54.5,20,23,44,3,"proteins",3,0,"cardio",60,"expert",5,18,7
"959","male",17,168.1,81.2,28.7,18,41,4,"proteins",2,0,"cardio",60,"expert",5,44,4
"960","female",18,159.6,57.2,22.5,21,44,4,"carbs",3,0,"classes",90,"expert",5,44,7
"961","male",34,174.5,92.7,30.4,24,50,3,"carbs",4,21.98,"classes",60,"beginner",5,46,9
"962","male",50,171.9,98,33.2,31,37,4,"proteins",1,11.76,"cardio",60,"expert",5,27,4
"963","female",31,163.2,63.8,24,26,51,4,"fats",3,15.04,"classes",60,"beginner",0.5,3,8
"964","male",30,164.4,75.8,28,20,53,5,"fats",3,0,"classes",60,"intermediate",0.5,4,6
"965","female",32,160.5,52.9,20.5,22,52,6,"carbs",3,18.94,"cardio",60,"expert",5,35,6
"966","male",21,175,93.3,30.5,21,47,5,"carbs",2,18.88,"classes",60,"intermediate",5,33,5
"967","male",30,174.8,87.6,28.7,21,54,5,"proteins",1,8.89,"cardio",60,"expert",0.5,5,5
"968","female",23,153.5,51.7,21.9,22,48,5,"proteins",1,7.92,"cardio",60,"beginner",5,34,5
"969","female",26,167.8,80.5,28.6,30,47,5,"fats",3,22.39,"classes",60,"beginner",0.5,6,8
"970","female",18,167.5,72.7,25.9,25,44,5,"carbs",1,4.56,"cardio",60,"expert",5,22,5
"971","female",34,161.1,61.6,23.7,26,46,6,"fats",3,12.71,"cardio",60,"expert",0.5,3,7
"972","female",51,161.7,62.7,24,31,41,5,"proteins",3,15.84,"cardio",60,"expert",1,11,7
"973","male",31,167.2,78,27.9,20,59,6,"proteins",1,5.29,"classes",90,"expert",5,30,6
"974","male",28,166.2,79,28.6,20,60,5,"carbs",0,0,"cardio",60,"expert",5,43,5
"975","male",43,173,90.5,30.2,25,53,4,"proteins",1,2.62,"weights",90,"expert",0.5,5,4
"976","female",51,161,58.5,22.6,29,37,4,"carbs",1,2.64,"classes",90,"expert",1,12,4
"977","female",47,156.7,53.6,21.8,27,34,3,"carbs",2,10.81,"weights",120,"expert",5,27,6
"978","male",61,165.1,76.7,28.1,27,33,5,"fats",2,9.43,"weights",90,"expert",1,7,5
"979","female",22,171.2,75.2,25.7,26,35,3,"proteins",3,0,"classes",90,"expert",1,12,7
"980","male",31,176.7,104.6,33.5,27,48,4,"proteins",2,15.03,"classes",60,"beginner",5,58,5
"981","female",50,162.3,63.1,24,30,42,5,"carbs",0,0,"weights",90,"expert",0.5,3,5
"982","female",25,155.9,58.3,24,25,50,6,"fats",3,19.65,"classes",60,"beginner",1,9,7
"983","male",45,168.9,88.9,31.2,27,44,6,"carbs",2,14.39,"cardio",60,"expert",5,58,6
"984","male",33,164.8,83.3,30.7,24,53,7,"carbs",3,23.13,"weights",90,"expert",1,9,7
"985","female",52,161.6,67.6,25.9,33,36,4,"fats",4,15.69,"classes",120,"beginner",5,30,8
"986","female",18,163.6,59.5,22.2,21,44,5,"carbs",5,0,"classes",90,"expert",5,26,8
"987","female",37,165.9,65.1,23.7,27,44,5,"carbs",2,16.91,"weights",90,"expert",5,21,7
"988","male",31,169.2,78.2,27.3,19,48,4,"fats",1,0.45,"cardio",60,"expert",5,21,4
"989","male",31,180,96.1,29.7,22,50,4,"proteins",2,11.43,"classes",60,"expert",0.5,1,7
"990","male",48,173.4,89.5,29.8,26,49,5,"proteins",2,0,"cardio",60,"expert",1,11,6
"991","female",30,159.4,50.7,20,21,45,4,"carbs",5,23.18,"cardio",60,"intermediate",5,18,10
"992","male",61,166.1,70,25.4,24,37,3,"proteins",1,5.51,"classes",120,"expert",1,11,3
"993","male",25,166.1,82.7,30,21,38,5,"carbs",3,NA,"classes",120,"expert",0.5,4,7
"994","female",21,162.7,71.9,27.2,27,36,2,"carbs",2,12.44,"cardio",60,"intermediate",0.5,1,6
"995","male",59,173.7,101.3,33.6,33,44,4,"proteins",3,12.02,"cardio",60,"expert",0.5,5,7
"996","female",45,165.9,69.7,25.3,31,32,3,"proteins",1,11.45,"classes",60,"expert",5,28,3
"997","female",45,165.7,63.2,23,28,35,3,"fats",1,1.93,"classes",120,"beginner",0.5,2,3
"998","male",22,174.7,92.9,30.4,21,41,5,"proteins",2,7.21,"classes",60,"intermediate",0.5,3,7
"999","female",35,168.1,64,22.6,25,43,4,"proteins",1,0,"cardio",60,"expert",5,17,4
"1000","male",53,175,91.6,29.9,27,37,5,"proteins",0,0,"cardio",60,"intermediate",5,15,5
